user_index,item_id,rate
389298900,1515894657,10
389298900,-742253908,10
-631917800,-1660713173,10
124302000,1746724601,8
933344900,-1723773973,8
-556706100,-1655286795,10
-556706100,-2000029210,10
-1607582900,-1238028627,8
-1607582900,-239308054,7
-239517400,-324196193,10
-705150400,186333408,10
-1083990500,-623353308,8
1504814000,1931868685,10
507839400,1047465055,10
507839400,1581351091,10
507839400,1818236655,10
507839400,-2073056278,10
507839400,267634422,10
-1693338400,974251202,10
-1693338400,-1288553944,1
-1693338400,-411425732,10
-1693338400,239639360,9
-465339400,1581351091,10
1206877800,-1075856863,10
35269501,-1830739624,10
35269501,1201173233,2
35269501,-1865221834,7
-231141499,6098311,2
-1778845799,2019822749,10
-2065285999,601836623,10
-2063046199,-322917890,6
-2063046199,512280675,7
-2063046199,2133095606,7
-2063046199,-101491496,7
-2063046199,-2080072202,7
-1293316899,-1041847394,10
-1293316899,-56335895,10
-1293316899,-207879863,10
-1293316899,-482903583,10
-1293316899,-1659352031,10
-1448850199,1924652531,10
-1448850199,303345277,10
-1755279499,1271397181,10
-1755279499,-988159254,10
-661791799,2098805971,1
1143488901,-1210593417,10
1979022401,1552747752,6
1171010301,-1460970477,8
1171010301,1003614366,6
1845016801,2063021286,10
695860502,134455151,8
1328303702,1471317216,7
115052102,-1945206406,9
115052102,2144415514,8
115052102,1219224280,6
115052102,1680026785,8
27630502,1642882038,10
-1308556698,2038089889,10
-1308556698,8341332,10
-1308556698,1664227085,10
-1308556698,346330310,10
-1922135298,-1537807135,10
-1922135298,2099281609,10
-1922135298,315402438,10
-1922135298,-719328950,10
-1452577198,-806804090,8
-1452577198,-1341683727,10
-1452577198,-371553231,10
724549502,-1229775959,10
724549502,1080370166,10
724549502,-1099514131,10
724549502,1581102121,10
724549502,-434116307,10
19426502,-1831398754,3
-1795102398,-121515734,8
-6456798,1068418232,8
-6456798,439061691,6
1082576002,315402438,10
1082576002,971194949,2
-825359198,-759813336,10
2003294402,1891177160,3
1247799603,1987716735,5
1555009803,1505646839,10
1523085503,-1476768973,9
163443303,1265653684,4
163443303,-1045821069,10
163443303,-441921881,6
2055835003,1631340068,10
2082608503,-1165663628,1
2082608503,1097209357,10
2082608503,2099281609,10
-120347997,1908906735,7
-120347997,1177753396,5
-1611596797,113111635,6
-204001497,1488264757,10
-204001497,1079383876,10
-204001497,1450560913,6
-204001497,-465563464,10
1180607503,-1097905595,8
1180607503,1700816501,6
1180607503,1942869276,8
1052400703,-1034119288,10
476692303,1336592747,7
-2022513397,-383010650,3
-68048297,1357960410,5
-68048297,-464607130,1
-223946197,-1627118207,10
-1464289497,1216670092,3
-163588797,117944520,1
-999769697,1908305819,8
-2101008997,1089766105,10
-370963196,-444679081,10
-370963196,-2116543907,10
-370963196,-1537807135,10
-370963196,-134578874,10
-370963196,2064723252,10
-370963196,315402438,10
-504052196,-2002325132,2
-1257566896,1770685551,10
273451804,-810264434,4
-185857496,-572356718,10
-185857496,6761694,10
14602804,1133787368,10
14602804,-1526665473,10
14602804,-2035668016,8
14602804,-880210165,10
14602804,-327448242,10
14602804,1458388751,10
14602804,-946606614,10
14602804,765764208,10
14602804,1998476120,10
14602804,-1479288080,10
14602804,759012285,10
14602804,1030912873,8
14602804,1231398035,8
-1111554396,896126117,10
-124068796,-2085287926,10
661828604,1555440572,8
661828604,1068418232,8
661828604,-1924862364,9
661828604,819901739,8
661828604,1181389842,9
661828604,-267905395,9
661828604,1993513406,9
794264704,-430159270,10
974713204,1263773333,10
-488163496,-1436300513,10
-488163496,-783209224,10
-488163496,131915105,10
-488163496,237637402,10
-488163496,-279122440,10
-488163496,-1007435391,10
-488163496,1736051004,10
-488163496,-795164111,10
-488163496,-1567788091,10
-488163496,-1981063585,10
-488163496,413342606,10
36759204,745772557,1
-1906379296,-633721436,3
809445304,422168256,10
224865404,-43309042,7
1984761505,-1133995500,9
658987405,1087076902,10
658987405,273243368,6
780638805,1941960894,10
-2040901695,-1301714098,10
37676105,52067380,10
-1355336895,764414199,10
-17170795,822473374,10
573922405,286987995,2
-1796278395,1857770202,10
542970105,-1260187415,8
1145963205,1550991400,7
699685105,-1417210158,10
436249705,-450770652,10
436249705,1286521162,10
436249705,-764249035,10
436249705,-1879924644,10
574814205,864913076,8
695044506,-1341683727,1
695044506,115655135,8
1397776806,-140347533,1
1558186806,921817820,10
-985254794,-2105911445,10
-1232573294,-656408751,10
-652743294,-1194418643,10
-1527670194,-1289696676,10
1590490906,524882893,10
1855063406,-2043353316,9
-1683699294,-1867351246,8
-1683699294,-115130262,10
991584207,-80354223,10
1205569707,1074141718,10
-1578968493,933970943,8
-908362793,-645856941,1
-908362793,1620328479,1
-908362793,-615061103,2
-908362793,-1561990246,2
-908362793,-1973296644,2
-908362793,1528557591,1
-908362793,-1865221834,1
-908362793,-1751116472,2
-908362793,-287953962,1
-908362793,-1612123049,2
-908362793,581052080,2
-908362793,288176872,2
-908362793,1089104603,2
-908362793,1284534039,2
-908362793,-1327701643,2
-908362793,-879743173,6
-908362793,1075259217,1
-908362793,649783138,2
-908362793,-344366136,3
-908362793,-1203406664,1
-1879500293,979997942,6
10088707,486925643,8
1931031807,-1917412553,10
1931031807,1574805853,10
1931031807,1357526984,10
1931031807,1271681371,10
-1394427093,-1324824942,1
-1394427093,1171901797,6
-1394427093,1729020271,5
-1394427093,-1590910489,6
-1394427093,-1695357979,5
-1394427093,819524005,7
-1394427093,-1112552375,10
-1394427093,1411112009,5
-1394427093,-925035974,3
-1394427093,-378224808,6
-1394427093,1686937146,7
-1394427093,1438607444,8
-1394427093,1527905645,2
1629430307,-2092524681,10
1629430307,-1930427014,10
-815726693,791945313,8
-2000025592,1551782003,10
-2000025592,1773216487,10
-2000025592,43692221,10
-2000025592,-931878954,10
-2000025592,-321321849,10
-2000025592,1004712209,10
-2000025592,-871012710,10
-2000025592,2074977731,10
-2000025592,-1583550708,10
-2000025592,2135680684,10
-2000025592,-1033505116,10
-2000025592,-916395940,10
-2000025592,1227524851,10
-2000025592,867386037,10
-2000025592,2068559051,10
-2000025592,-2124058051,10
-2000025592,1095631065,10
-2000025592,2081303671,10
-2000025592,385630469,10
-2000025592,305241684,10
-2000025592,-320401818,10
-2000025592,35222821,10
-2000025592,675502998,10
-2000025592,-833475051,10
-2000025592,1128308157,10
-2000025592,-667248406,10
-2000025592,1984489697,10
-2000025592,-1698422632,10
-2000025592,-1568764775,10
-2000025592,375194456,10
-2000025592,-1584696508,10
-2000025592,-777696608,10
-2000025592,1150507173,10
-2000025592,1476478713,10
-814633092,-1172087652,10
-171597792,1843723153,8
-1620791992,-412266268,10
-1620791992,873196453,10
-1620791992,377286006,10
-2051176092,1167377278,7
-2051176092,-390945365,4
1324434608,1820678591,10
-1022896792,-371513402,10
-1022896792,-595459967,10
-2133554992,206947483,10
-2133554992,1581351091,10
-2133554992,1049374349,10
2070582408,-1035464056,10
2070582408,1647793101,10
-763021392,-1866230107,8
-462492892,2086416203,9
-462492892,1664414102,10
-2078404991,1395293843,10
354452209,1712432751,7
354452209,-1003171457,8
354452209,2063687139,8
354452209,-657402057,8
354452209,-667546927,8
354452209,1514794877,8
354452209,122458920,8
354452209,-2045065019,8
354452209,418030150,7
354452209,-1762475403,8
354452209,1146547983,8
354452209,-1095315941,8
354452209,-1222137809,8
354452209,1891177160,7
354452209,-2063781182,8
354452209,-605298377,7
354452209,-1452175650,8
354452209,-1043835739,8
354452209,-1515619114,7
354452209,885775089,8
354452209,1555787596,8
354452209,-218489669,8
354452209,795467761,8
354452209,971194949,5
354452209,-1791516175,8
354452209,90992611,8
354452209,689574878,8
354452209,454439228,7
354452209,-973370118,7
354452209,1929113959,8
354452209,566674772,8
354452209,2022446729,8
354452209,-1485099033,7
354452209,-1176656377,7
354452209,572616663,8
-566289491,-669870522,10
-566289491,-72113935,9
957231509,-1545230491,5
-40602991,-1771480200,8
1446599209,636412738,10
-1387411091,1297363858,8
-1387411091,-2010430217,8
-1387411091,587241553,8
-1387411091,1308187378,8
-1387411091,-1184900752,8
-1387411091,-1210623123,8
-1387411091,-1477075948,8
-1387411091,-1410440490,8
-1387411091,-31491080,8
-1387411091,264197200,8
-1387411091,911895250,8
-1387411091,33980398,8
-1387411091,-1929897809,8
-1387411091,232469499,8
-1387411091,2131325942,8
-1387411091,-2063385356,8
-1387411091,-134871724,8
-1387411091,-1823640402,8
-1387411091,480444810,8
-1387411091,-217068651,8
-1387411091,-1057635879,8
-1387411091,887731652,8
-1387411091,-1859715177,8
-1387411091,909256949,8
-1387411091,-1574520934,8
-1387411091,1500240795,8
-1387411091,403631732,8
-1387411091,1520520528,8
-298579391,1581351091,10
-1677818491,303556012,7
-1677818491,-964671490,10
-1677818491,668149929,10
-155966391,669670016,4
420001609,-722222939,3
-1374874891,1949542668,8
1338246409,288800353,10
673598709,-518876567,9
449273209,-1557848940,6
449273209,-1988099558,10
1231346409,1570297795,9
1038682309,-1677588692,10
-1588305790,1872636205,10
1258908910,-1991817611,10
-724583390,397172593,10
-724583390,1387091695,10
-71930690,-1679879570,10
-71930690,218822191,10
-71930690,1309947858,1
-71930690,1191541662,10
-71930690,-151011122,10
-71930690,2030772997,10
-71930690,-687537640,10
-1909190990,21657785,10
-1909190990,2046136964,9
-761875290,-1831398754,8
-761875290,-287953962,2
-1726688490,315402438,10
-1091337990,136786312,6
-1361493289,1616925011,10
-1538218589,-1735715378,10
184686011,-1188471891,10
-1918980389,-1029058789,3
852803511,-944231552,8
852803511,-269365384,7
852803511,-1516644864,7
852803511,-116238510,6
1580008811,1132258003,6
1580008811,-1449632932,6
1580008811,1760302154,6
1580008811,-1923289826,6
1580008811,-436302162,6
1580008811,764009858,6
1580008811,1409200701,6
1580008811,927132460,6
1580008811,-1242874303,7
1580008811,849568803,6
1580008811,-1049045061,6
1580008811,-793266318,5
1580008811,2001691227,5
1580008811,-491783671,6
1580008811,1948030599,6
1580008811,-1893716921,4
1580008811,-1531139174,6
1580008811,-649064516,6
1580008811,1170185708,6
1580008811,-125662886,6
1580008811,-193890790,7
1580008811,-53547954,6
1580008811,-150737183,6
1580008811,1289746349,5
1580008811,908570517,6
1580008811,1917535337,5
-207127489,1919256901,9
303031411,-1751116472,10
663186211,-1699685145,10
-771354789,2147454335,10
-1474050389,957071358,10
1259612812,-1660613861,9
-1086360888,400932712,10
-48987288,-433163194,10
-48987288,-767935811,10
1692718312,1753422054,10
1692718312,-399821753,10
1692718312,-1476878344,10
1692718312,-1160902472,10
1692718312,1745757314,10
1692718312,1211935383,10
1692718312,-1993062074,10
1692718312,1065772848,10
1692718312,-612640873,10
1692718312,-1507762418,10
1692718312,1780887169,10
1692718312,1562172847,10
1692718312,330429657,10
1692718312,-960195556,10
-1218505688,-1018266117,10
1435245112,882172680,6
-1058247388,974113576,8
-426175088,1582526806,10
-426175088,28497795,10
-426175088,-47710149,10
-426175088,1374443201,10
-426175088,-781285083,10
-426175088,1762339442,10
-426175088,811454339,2
-426175088,1173081997,10
-426175088,-385093013,10
-426175088,-1252184500,10
-426175088,1656392558,10
-426175088,-641003820,10
-426175088,-1352687615,2
-426175088,-1848280197,10
-426175088,1437771474,10
-426175088,1762502102,10
-426175088,1110316064,10
-426175088,776229388,10
-426175088,-1689476837,10
-426175088,245874944,10
-426175088,-1066939956,10
-426175088,1425158247,10
-426175088,697402153,10
-426175088,1265626467,10
-426175088,-57353663,10
-426175088,-1225019194,10
-426175088,2067362251,10
-426175088,-1330900168,10
-426175088,1465749828,10
-426175088,1024142562,10
-426175088,171946024,10
-426175088,-2108622532,10
-426175088,-1904360347,10
106596312,1504952335,10
1054050712,-1375185351,10
1054050712,-751666774,10
1054050712,-196534643,9
1054050712,1581351091,10
1054050712,1206030192,10
1054050712,-251387834,9
1054050712,-375939129,10
1054050712,-2098824407,10
-816454288,110819174,10
-816454288,-1947716875,10
-816454288,2067817234,10
-816454288,-1477522965,10
-816454288,-125524569,10
-816454288,-971437338,10
-816454288,1312736842,10
-816454288,-1993600154,10
-816454288,1737232303,10
-816454288,-375107318,10
-816454288,-481197594,10
-816454288,11228830,10
-816454288,1194300949,10
-816454288,-50951663,10
-816454288,-607593676,10
-816454288,-1627118207,10
-816454288,-1346437458,10
-816454288,-942259893,10
-816454288,1234427577,10
1412725112,210501133,10
-163082988,1723363185,6
-163082988,1536896505,6
1222093312,1389747005,6
1090777312,603680690,10
-1940269887,1380853512,10
615973813,-307562978,10
615973813,-924133795,8
615973813,-1672240246,2
-1771914487,-200884720,8
475283113,-1052575685,10
475283113,296178718,10
-1544074987,1978961803,9
-1544074987,545978041,7
-94687587,906081901,6
-94687587,-1768100626,6
-94687587,-1393435932,6
-94687587,-524168352,6
-94687587,1059780872,6
-94687587,-714342124,6
-94687587,676339302,6
-94687587,1043109942,5
-94687587,169299535,6
-94687587,1265370522,6
1409322213,-2076659034,10
1409322213,-2082581960,10
1409322213,1845102760,10
1409322213,368386822,10
1139878113,-353377968,10
-406848987,-1007314686,10
1636365713,-936690392,10
643434613,-829578031,10
439210213,2143197585,10
439210213,-608862303,10
1626556613,855295107,10
-464242587,-1058292650,10
-526995687,-1712965870,1
1048857813,1787388888,10
1048857813,2079161215,10
-535057687,-1484382720,10
59383114,1839213620,10
59383114,996740999,2
59383114,2127920328,10
59383114,-386224995,10
59383114,1567466098,10
-953726886,1886374453,7
-953726886,-1753360828,8
-953726886,1779049081,6
-953726886,-1363849379,8
-953726886,-1237126664,9
-953726886,-1587266560,8
-953726886,-1832449304,8
-267681986,-1872772156,10
-233642486,-876280057,10
1126382914,1216897808,10
1575491214,337967520,10
-190002886,317672214,10
-190002886,52067380,10
-1323495385,677839437,10
-550012985,277942782,1
-815998485,-441921881,5
-473835385,-1680357954,10
-1964601685,1820678591,10
-947825885,-717690027,10
1242987315,1103233108,8
1846883215,-1034119288,8
741831715,-311895311,8
1760281315,1807445454,1
-1557745985,1174199091,8
-617472784,-727805125,1
-617472784,-762530884,3
-617472784,111995859,1
-617472784,1244363512,1
-1187408384,2038774297,10
1169590416,434355531,10
1169590416,242880061,10
1169590416,-920961538,10
1169590416,1629794220,10
1169590416,-1797243193,10
1169590416,-97757497,6
1169590416,101693897,10
1169590416,-468708570,9
1169590416,-643661418,1
1169590416,540608431,10
1169590416,-699521663,10
1169590416,1460169846,1
1169590416,1963118338,10
-657021884,-591086850,10
1251168116,1444685255,10
1251168116,1484715126,10
1251168116,29607747,10
1251168116,-564327175,10
1251168116,282754355,9
1251168116,3495713,9
1251168116,1274367777,8
1251168116,1043109942,10
1251168116,428238445,10
1251168116,400932712,9
1043588116,-66997266,10
1043588116,845936743,10
1043588116,-283261047,10
1043588116,-1988405431,10
1043588116,-1280040785,10
1043588116,-960630708,10
1043588116,-1119451626,10
1043588116,1371155058,10
-1419771784,1592520295,5
1282280216,1942869276,10
1282280216,121732628,10
1282280216,491480814,10
-1997293084,1424852366,10
-1769684284,2098805971,10
1220758816,315402438,8
-1496555784,-602462804,10
-1496555784,1366335614,10
-1496555784,1219517166,10
-1496555784,-1210063096,7
-1496555784,1153356755,10
-621654483,1940578079,10
875705017,1555787596,10
875705017,1712432751,10
875705017,795467761,10
875705017,90992611,10
875705017,412668714,10
875705017,1146547983,10
875705017,-1791516175,10
875705017,371867107,10
875705017,2083239064,10
875705017,972296424,10
875705017,-667546927,10
875705017,60325197,10
875705017,-1043835739,10
875705017,513998904,10
875705017,517737138,10
875705017,-218489669,10
1694546617,-1920271681,8
671938117,-1148835857,9
-1844328983,-1834160943,3
354184917,-1727671657,10
811155617,315402438,8
811155617,601836623,10
-1228520183,-421317020,2
-41315283,-1663065517,10
1377029817,-1954534156,6
1377029817,1135751983,6
880715117,791945313,8
-2040401083,-1244237768,10
-23323283,1787388888,10
-23323283,954725666,10
-23323283,-1035464056,10
-23323283,1647793101,10
-23323283,1460507807,10
-1703391882,-1814547525,10
-1703391882,2007682571,10
-1703391882,1945063926,9
-21078882,2064723252,10
-380098482,1820678591,10
583383118,-849676846,10
-993813582,1908906735,10
-342062682,-2046194204,3
-342062682,1009268855,10
-591056482,-569326683,6
-591056482,-1097905595,3
-591056482,-1626650605,3
-591056482,-854895400,5
-591056482,-988238553,1
-591056482,-127178939,4
-591056482,996740999,2
-591056482,-1986065917,1
-591056482,1052857512,1
-591056482,-1373380279,3
-591056482,-1796752921,3
-591056482,-267128965,3
-591056482,-307562978,6
-591056482,-752846204,3
647372618,1746724601,9
695862018,-24135984,10
-1193376782,-842146792,10
-1193376782,1947030574,2
-1193376782,984838905,10
-1193376782,-2130952622,10
-1193376782,2015167951,10
-1193376782,-603533342,10
-1193376782,-1684951117,10
-1193376782,1779055197,10
-1226458682,-1331480920,2
-747434082,-777109901,10
754280218,118093215,1
2069834618,-294065405,7
2069834618,-441921881,5
2069834618,-468658125,5
2069834618,1974696032,7
2069834618,-1986065917,9
2069834618,1939518188,6
2069834618,-1305641699,9
2069834618,578348029,7
2069834618,-1626650605,7
2069834618,-421317020,6
2069834618,-1545230491,7
2069834618,-1111275297,8
2069834618,-117703389,7
2069834618,98338884,8
2069834618,2024151138,6
2069834618,-1084231328,1
2069834618,-311895311,9
2069834618,-1944591800,8
2069834618,-1020038687,10
2069834618,674765807,7
2069834618,-1800603975,5
2069834618,333240254,7
2069834618,-545810445,4
2069834618,515471469,6
2069834618,573600471,4
2069834618,170758540,7
2069834618,-361667599,9
2069834618,409805170,9
2069834618,-1152510257,5
2069834618,-818660666,9
-240020082,-270278004,3
-240020082,1424979070,6
-240020082,-1755354124,3
867413218,1001527130,8
679854018,-1963925963,1
679854018,448354264,10
679854018,-1376480476,2
679854018,1710156343,9
-1442513381,-792514582,10
-1442513381,1602021327,7
-1279363581,-773053530,10
1614747919,-1194297274,10
1614747919,742930742,5
103314919,-687027783,10
103314919,-1900288326,9
103314919,1769485501,10
-446037681,160474774,10
669765819,-924133795,10
669765819,-1114466733,10
686209619,1265653684,5
686209619,-441921881,10
1431433919,-1016955155,10
1431433919,-1465912803,10
1431433919,-173843431,10
1431433919,1794706785,10
1431433919,1998379370,10
1431433919,-1118646386,10
1431433919,-1750380905,10
1431433919,1685839077,10
1431433919,-1883483056,10
1431433919,650209849,10
1431433919,279951718,10
1431433919,1195768486,10
1431433919,1599371377,10
1431433919,-1951564597,10
1431433919,98801612,10
1431433919,-337956992,10
1431433919,-1290866640,10
1431433919,246069374,10
2007363919,1051662768,10
2007363919,1869025959,10
2007363919,134919237,10
2007363919,-1659085929,10
2007363919,-667542888,10
2007363919,2121394474,10
2007363919,-507221247,10
2007363919,612314507,10
1873940019,1932020358,10
1873940019,-1456655422,10
-1784485881,2141917776,10
352813319,-231977393,10
412967219,1609436147,10
-626859581,-1153859010,10
-626859581,-2052377670,10
-626859581,1845664690,10
-626859581,-523280329,10
1029441119,726967150,10
-1467574781,1886374453,8
-1467574781,1942869276,7
613077520,2064723252,10
613077520,-241237699,10
-163648580,-165399238,10
-1663883380,-1957330568,4
1514607520,-520689964,10
1161339520,-1727307767,10
-1279958580,601836623,7
1327787620,-518876567,3
1368220,200426864,10
1368220,-1195331001,9
1368220,-2092524681,4
1368220,1171848488,10
1368220,-2141296839,8
1368220,-1930427014,9
1752835820,-287953962,10
-564653080,-1352687615,8
-564653080,-463077409,8
-564653080,2024151138,3
-564653080,-1727671657,8
-564653080,996740999,6
-564653080,-915714808,6
-564653080,1820678591,8
-564653080,1235211326,7
-564653080,-1928958347,8
-564653080,-231977393,7
428288720,160474774,10
946996920,1186023583,10
-1752824880,-2060312716,9
1308148620,-10715649,10
2114342121,911125400,8
2114342121,1733927365,8
2114342121,-1627118207,8
1826571021,-545810445,10
-1182507579,-1237126664,10
278315921,-1957791088,10
1940370521,1595922270,10
1037692221,-1678946435,8
1037692221,-762530884,4
1037692221,849567874,1
1037692221,778348345,7
1978660721,509083044,10
1787375221,-806687711,10
199065621,159902741,10
-106559779,547040263,8
-114994379,-1821672327,10
-144971479,-2013913919,10
-431614179,828706429,7
-431614179,182947612,6
-431614179,2082406134,7
-431614179,-697499726,7
-431614179,990345889,8
-431614179,-224910870,6
-431614179,-1322892881,6
-431614179,-50689821,7
-431614179,-1150415825,7
-431614179,1535531196,7
-431614179,-1428196650,5
-431614179,927132460,5
-431614179,-2026841109,7
-431614179,-913901341,7
-431614179,1569347750,7
-431614179,-839147649,7
-431614179,-745809765,6
-431614179,-459668949,6
-431614179,1234679170,7
-431614179,718383548,8
-431614179,-223129695,7
-431614179,1283939908,8
-431614179,-354751621,4
-431614179,1587499886,7
-431614179,-1164450125,7
-431614179,-992817413,8
-431614179,-565903885,6
-431614179,-509527704,7
-431614179,1170185708,6
-431614179,1937978410,7
-431614179,1910509547,7
-431614179,-900853967,5
-431614179,-782968684,7
-431614179,-652547024,4
-431614179,-1879517101,7
-431614179,-700389720,6
-431614179,1139290866,5
-431614179,1049832070,7
-431614179,536157225,8
-431614179,-1807373268,7
-431614179,1948030599,6
-431614179,1604692305,4
-431614179,1590860391,7
-431614179,1167113216,8
-431614179,723470929,4
-431614179,849568803,6
-431614179,1396544420,5
-431614179,-1712981366,6
-431614179,-646819226,7
-431614179,1235740462,6
-431614179,2068873116,7
-431614179,-930315940,5
-431614179,-1049045061,5
-431614179,1301143007,7
-431614179,931371020,7
-431614179,-1449632932,6
-431614179,1161799324,7
-431614179,-1486051259,7
-431614179,589779542,7
-431614179,-1617196188,6
-431614179,873767480,7
-431614179,949889534,7
-431614179,1487941115,5
-431614179,1119841056,7
-431614179,-614212436,6
150657221,-1276655778,10
1422828621,3515332,10
1422828621,-687027783,10
1422828621,996740999,10
1411426721,1581351091,9
-489823879,-727805125,9
1365418821,1599434410,10
1365418821,-1749274463,10
-480643379,-719328950,10
-480643379,-576436094,10
718617521,827390889,10
718617521,38354058,10
718617521,1713800957,10
-2135175179,-251387834,10
-2135175179,1047465055,10
-2135175179,46307985,10
-2135175179,-1937768629,10
-1691960478,1522778621,10
-1691960478,-134578874,10
-1691960478,2064723252,10
-1691960478,1404299359,10
-1691960478,829102578,10
1268048422,759790568,10
1268048422,-536313546,10
1268048422,-491742141,10
1268048422,200595430,10
1268048422,682752273,10
1268048422,374289235,9
1268048422,-794107641,10
1268048422,-307700399,10
1268048422,1535963051,10
1268048422,-1085840689,9
1268048422,717883427,10
1268048422,1947126439,10
1268048422,245874944,10
1268048422,-2101017615,6
1268048422,2066343162,10
1268048422,1845061041,10
1268048422,1977510444,10
1268048422,-863859318,10
1268048422,1892992558,2
1268048422,-991914437,9
1268048422,-235176355,10
1268048422,-978817056,10
1268048422,632529142,10
1268048422,-967236690,10
1268048422,837078478,10
-824361678,1642575593,10
-1895813778,-363613436,6
-205342478,-880210165,8
-205342478,1368903782,10
-205342478,1854049684,8
-1070222178,-1262833869,10
-461429578,-616972531,10
1503476722,601836623,10
-788408878,-801397077,9
-767311878,-153128054,8
1956727623,1477473177,1
1956727623,-153128054,3
1956727623,-1751116472,8
1956727623,-2104990990,7
1956727623,742930742,2
1956727623,1719923435,4
-1513948477,252102837,1
-1513948477,284934473,1
-1513948477,1034668839,1
1739695023,-1900832114,7
658041523,1010348484,10
-349345777,1974696032,10
-349345777,2000212833,10
-349345777,317672214,10
-349345777,1963601528,3
-349345777,-1145630733,8
-349345777,52067380,5
-349345777,-634678397,4
-349345777,-43309042,9
-349345777,-1419944491,10
-349345777,-361667599,8
-349345777,-938576468,8
-349345777,-1330578638,5
-349345777,544226230,3
-349345777,2086416203,10
742181423,-842486747,10
742181423,-1041633031,10
742181423,-633721436,10
742181423,239639360,10
742181423,-1234165482,10
742181423,1419176395,10
742181423,1614483568,10
742181423,1312366836,10
742181423,-1865953643,10
742181423,1312479126,10
742181423,-530279278,10
742181423,-2020912993,10
742181423,1802098231,10
742181423,1691696131,10
742181423,899792674,8
742181423,418042067,6
742181423,-1165663628,10
742181423,-1372272277,10
742181423,1342255669,10
742181423,1318502280,10
742181423,1981846624,10
742181423,-1107692212,10
742181423,1074172008,10
742181423,578621678,10
742181423,16982278,10
742181423,521797918,10
742181423,-560191368,10
-990145177,-1147107610,1
2128604323,1942869276,9
2128604323,1903698135,8
1396066523,1664057427,10
-1872361077,-1445467443,7
-1872361077,1814717869,4
-1872361077,310626714,5
-784726230,762417572,10
-784726230,-1055173799,8
1199064424,134455151,10
1850408224,-1962306496,8
1010353824,1447246913,10
1010353824,1908906735,10
1010353824,-848822111,1
1010353824,4061401,10
1010353824,-2098824407,10
1010353824,2064723252,10
1010353824,2119395576,10
1010353824,597749078,10
1010353824,1432784819,10
-809120976,-263940819,10
-287060576,2141917776,10
-862601976,-177246609,5
1255387424,2110663710,3
2064731724,-177656811,1
-1950232776,1047460943,10
586127624,-1988099558,10
670966624,-79806683,6
718576325,1397606453,5
1270535025,-340561407,10
1270535025,-1148835857,10
1270535025,716104175,10
1270535025,2079621360,10
1270535025,-1058292650,10
1270535025,-2143709412,10
1270535025,-1586880948,10
1270535025,-1272499279,10
1270535025,-1490325750,10
-629655775,119530613,8
-629655775,1047465055,10
-629655775,-556066077,7
977315225,1886374453,10
1942874425,-1663065517,10
-1184000975,-1266451625,10
1949207325,-1809436525,10
1949207325,597144385,10
-1597862375,-387990086,10
-2036569075,-1346437458,7
768027325,-1238028627,9
768027325,961414554,8
-1817156275,-1777267972,1
1478543925,-728252085,10
307191625,217891144,7
307191625,-1818821669,7
307191625,1087449838,6
307191625,6098311,5
307191625,-1623838846,8
307191625,155292525,9
662643525,-650942009,10
662643525,1223116085,10
662643525,-1537807135,10
662643525,1302154661,10
662643525,-588920817,10
662643525,-1809972407,10
662643525,-1924433949,10
662643525,1032696767,10
662643525,-276137250,10
662643525,-170081150,10
662643525,1589953328,10
662643525,1913967888,10
1776887425,2000568462,10
1776887425,-1940771447,10
624412726,-854142561,10
10943926,884680715,10
10943926,2064723252,8
10943926,428145628,10
-1428878974,659472608,7
-1110798874,-1306910337,4
-1110798874,395412528,7
-1110798874,1110561891,9
-1110798874,-267905395,8
-1110798874,-379597916,7
-1110798874,459559635,8
-1110798874,-1860844481,6
-1110798874,-867827903,9
-1110798874,315402438,7
-1110798874,-507782172,7
-1110798874,-792514582,8
-1110798874,1820678591,5
-1110798874,-1908863634,7
-1110798874,134455151,6
-1110798874,-1376480476,7
1767309926,144340362,3
1767309926,397350417,7
490477826,-328258386,5
1084596926,310144680,10
1084596926,1807445454,10
-1734308874,-1163559169,10
-1734308874,1166649987,4
-1734308874,1357960410,10
-1734308874,-2115138291,10
-1734308874,-2123008493,10
690787126,2018547605,10
690787126,2060303574,10
690787126,731473344,10
690787126,-490447721,10
490525526,-77937401,10
490525526,334695336,9
490525526,1568804125,10
-83481874,-1327701643,10
778349726,-1102623399,10
2114322526,1451989518,10
2114322526,-264900447,10
2114322526,1977513584,10
215655926,-848822111,5
670928826,273442419,10
670928826,-287953962,10
670928826,1928159619,10
670928826,1006089994,10
670928826,507150197,10
670928826,1216897808,10
1862006226,-127749819,10
332355827,1569288335,10
-2083338573,1186686027,10
-2083338573,-763128814,10
1083452827,834854130,10
-541778973,790433009,9
-359074773,410191647,10
114048727,-264387014,10
114048727,1324270163,10
114048727,1931620653,7
114048727,-324196193,7
114048727,-1995237387,10
114048727,-165399238,9
114048727,1110561891,9
114048727,-506992570,8
114048727,2001550795,10
114048727,2104261406,10
114048727,-1027772033,9
114048727,262133793,10
114048727,-1727671657,10
114048727,-2147079912,10
114048727,1330390885,8
114048727,-948242184,7
114048727,439061691,10
114048727,1256821132,5
114048727,-777109901,9
114048727,1994514411,10
114048727,1220725402,10
114048727,-1301488064,7
114048727,-1299505078,8
114048727,-927267489,8
114048727,943700769,10
114048727,-566449651,8
114048727,-1068637190,10
114048727,-286135835,8
114048727,-351977552,10
114048727,-177246609,7
114048727,-1770248009,10
114048727,1471317216,8
114048727,9690517,10
114048727,-1580575559,9
114048727,348993310,10
114048727,834854130,10
114048727,-127749819,10
114048727,927500725,9
114048727,-267905395,9
114048727,1068418232,9
114048727,2089890416,8
114048727,1303827530,10
114048727,921819068,10
114048727,-1385556154,9
114048727,731114889,10
114048727,293551697,9
-597797973,175922726,3
-845156173,-372728509,10
-1779631773,400932712,10
-1779631773,-463077409,10
-164335373,-964671490,8
1785827727,333240254,4
-1434795172,1256548492,10
-1434795172,-1272499279,10
-1434795172,716104175,10
-1434795172,-1137125279,10
441978228,-1672240246,4
491466228,1651806279,10
491466228,386797175,8
491466228,1244184112,2
491466228,-699015878,7
491466228,-1452175650,4
491466228,480884478,2
491466228,956606557,9
491466228,2063687139,6
491466228,2023512953,9
491466228,-1981920427,10
550989928,988372732,10
550989928,-1719562751,10
550989928,-696627858,10
550989928,962330654,10
550989928,2083936850,10
550989928,1266130231,10
550989928,486918306,10
550989928,-1843266840,10
550989928,-1902393866,10
550989928,845190560,10
550989928,475228236,10
550989928,-1530980597,10
550989928,-343250372,10
550989928,-1564101009,10
550989928,1677870201,10
550989928,210333211,10
550989928,-208463290,10
550989928,236837358,10
550989928,1001337942,10
550989928,-760284939,10
550989928,1569500238,10
550989928,361689172,10
1082454428,1477411580,10
831765528,-880210165,8
831765528,-1526665473,6
-1433931272,-1944041006,10
-1931072272,-137511833,4
-1931072272,1345532607,10
-1931072272,1389138868,10
-1931072272,-2098824407,7
-1931072272,-839147649,10
-1931072272,1550655839,5
-578915772,1698254211,5
-383013372,1013504370,7
524577529,-770459578,1
614204729,-1663065517,5
608897029,-383010650,10
-1817389671,-1793904658,10
-510470971,2098805971,9
-544045971,1261174929,1
-11858271,-867822620,9
201293729,-1847530337,9
201293729,1427346103,9
201293729,-594781190,9
1164236830,1820678591,10
-139291270,1797412406,7
-139291270,-242232185,7
-139291270,-753163581,9
-139291270,-1426772709,9
-139291270,-355921248,7
-139291270,-928360395,8
-139291270,495581851,8
-139291270,767875122,8
-139291270,-170536339,9
-139291270,-796036423,8
-139291270,-1797581538,7
-139291270,1684338153,8
-139291270,-1290583867,8
-139291270,98338884,9
-139291270,1235438036,10
-139291270,1927792767,6
-139291270,1616467691,7
-139291270,-1925992647,7
-139291270,-1176781237,8
-139291270,-1105078831,9
-139291270,1620163828,8
-139291270,-1110336468,9
-139291270,-1461671361,8
1027211130,-1271440685,10
-1404919570,-5521293,8
-1404919570,1456151094,8
-1404919570,1498340262,8
-1404919570,103075434,8
-1404919570,-832957756,8
-1404919570,-1498629171,8
-1404919570,196331953,8
-1404919570,-1724225485,8
-1404919570,-115761257,8
-1404919570,1009481458,8
-1404919570,620395433,8
-1404919570,2066619168,8
-1404919570,-946360814,8
-1404919570,-1327201710,7
-1404919570,-380592151,7
-1404919570,640242685,8
-1404919570,1768805902,8
-1404919570,155442955,8
-1404919570,114505855,6
-1404919570,-402882640,8
-1404919570,1474100612,8
-1404919570,-430598201,8
-1404919570,-467455541,8
-1404919570,611574273,8
-1404919570,1372139581,8
-1404919570,177743804,8
-1404919570,975175529,8
-1404919570,-1911913041,8
-1404919570,-990916559,8
-1404919570,566215611,9
-1404919570,-17032568,8
-1404919570,-1783473009,8
-1404919570,-1907678627,8
-1404919570,126873994,6
-1404919570,-1191420229,8
-1404919570,-936729805,8
-1404919570,-773053530,8
-1404919570,-755077391,8
-1442305570,-1585261585,8
-1442305570,-229073669,10
-1442305570,581052080,1
-1442305570,1857770202,1
-1442305570,-2042316991,9
-1442305570,1538013589,10
-1442305570,-1078269809,1
-81501970,1155089969,10
-777258470,-1900288326,10
-777258470,1891177160,10
-470054170,-1584973835,1
-538703570,-287953962,10
-1397293370,1820678591,5
-1397293370,-722222939,6
1169277330,579055191,10
1169277330,279255172,10
881032830,744762976,1
1159308931,-1601825316,8
1159308931,251889987,7
1159308931,-1313941741,7
1159308931,-961240489,7
1159308931,1358963397,10
1159308931,1114996844,10
1159308931,1307414773,6
-2010854269,-372217082,10
-2010854269,134455151,10
577282431,149043582,10
1128176131,1424979070,9
-980199669,-363673260,8
-980199669,-1205611438,6
-980199669,-313267928,5
-980199669,-1424317520,5
-1361719469,705183181,10
-1361719469,-1908184081,10
-1361719469,92810292,10
-1361719469,-1717453214,10
-1361719469,446312228,10
-1361719469,-1164450125,10
-1361719469,1283387366,10
-1361719469,-1591631041,10
-1361719469,-329655012,10
-1361719469,1280185492,10
-1361719469,-415516011,10
-1361719469,-827698647,10
-1361719469,1743725476,10
-1361719469,1289299393,10
-1361719469,-930315940,10
-1361719469,1915529899,10
-1361719469,-1349055259,10
-1361719469,-735280956,10
-1361719469,-354751621,10
-1361719469,92405614,10
-1361719469,1577304868,10
-1361719469,104199655,10
-1033588069,1028262659,10
-1033588069,1758766856,10
-1033588069,-1365812002,10
-1033588069,-173558335,10
-1033588069,845883386,10
-1033588069,-1322002336,10
-1033588069,1682057753,10
-1033588069,2022926343,10
-1033588069,-1587671066,10
-1033588069,-852531941,10
-1033588069,1882884745,10
-1033588069,-1406577712,10
-1033588069,1357228783,10
-1033588069,1879078601,10
-1033588069,-804296561,10
-1033588069,580128350,10
-1033588069,510836994,10
-1033588069,-678523645,10
-1033588069,623469118,10
-1033588069,-1625384652,10
-1033588069,-2076659034,10
-1033588069,389215096,10
-1033588069,1869071771,10
-1033588069,-86987133,10
-1033588069,324648007,10
-1033588069,-1839898342,10
-1033588069,1800289837,10
-1033588069,1993194540,10
-1033588069,-7154389,10
-1033588069,-296447801,10
-1033588069,854799610,10
-1033588069,1500426665,10
-1033588069,566685247,10
-1033588069,-655294999,7
-1033588069,-714805904,10
-1033588069,1203830985,10
-1033588069,-1786504804,10
-1033588069,1117273644,10
-1033588069,-949091084,7
-1033588069,-2056082155,10
-1033588069,51238822,10
-1033588069,115081695,10
-1033588069,845936743,10
-1033588069,-1559921494,10
-1033588069,1688138813,10
-1033588069,-1967355229,10
-1033588069,1358821067,10
-1033588069,-1119560253,10
-1033588069,-1303500347,10
-1033588069,-889175133,10
-1033588069,342219313,10
-1033588069,-1289194145,10
-1033588069,1451743432,10
-1033588069,12272889,10
-1033588069,1601052664,10
-1033588069,1396670374,10
-1033588069,-1458706018,10
-1033588069,-231382893,10
-1033588069,-348036841,10
-1033588069,-66997266,10
-1033588069,-1746865410,10
-1033588069,1538150566,10
-1033588069,752224073,10
-541879269,971194949,1
-715876569,2089890416,1
-1657098069,1284534039,2
-1807035169,1442545850,10
-1807035169,1178338975,10
-1807035169,2060714768,10
-1807035169,452750507,10
-1353377169,-545810445,10
-1353377169,-1127412431,10
-1353377169,509083044,9
1600135031,1075259217,10
-2061274068,-1356938575,9
-2061274068,2129203154,8
-2061274068,233696593,9
1076318332,1782171902,10
-171002668,-370727391,8
-1964980568,-793266318,10
1166694632,1153929191,1
-1883785468,-1610458186,10
531364432,1357526984,9
531364432,-1541949531,8
531364432,2033734706,6
531364432,-1917412553,9
531364432,-722222939,5
531364432,1574805853,9
-1541866868,-1986065917,10
-1541866868,315402438,10
548165732,-1376480476,10
2072914632,-231977393,7
-555661468,-833435545,5
596661633,-325741132,10
-230812967,-1292274461,10
-2107542667,-814178052,10
-2107542667,-1329672928,1
-1087413467,-1352598832,10
-1087413467,-637196736,8
704291133,2123891385,10
704291133,-1537875782,10
1448157133,-894626684,10
1448157133,-121746624,10
1448157133,983147405,10
1448157133,-1143370595,10
1448157133,1527833493,10
1448157133,-539146543,10
-825931967,-1085439524,1
-972861667,1466378840,8
-391109367,601836623,10
-1874923167,-1530980597,5
1975929733,-1279971288,10
-1926436767,447045426,9
1651616333,848772365,10
489842633,-65104322,10
489842633,2139495957,10
489842633,-580339317,10
489842633,2031512341,10
489842633,-607364080,10
489842633,-1851703273,10
-1858510567,791945313,5
891670934,1700816501,10
-909858866,-1262591973,1
964183334,-1976454771,9
-1252315666,206217147,6
-1252315666,-1287730180,2
-1252315666,-1888397065,4
-1252315666,-848881826,1
-1252315666,-433638029,2
-1252315666,-424043950,2
-1252315666,1010104937,1
-1252315666,1757229514,10
-1252315666,-424280401,10
497631234,-1573532492,10
2055776734,-1001343138,9
-85202366,25578165,7
-85202366,-341150359,7
588943334,1444685255,1
-547700366,957071358,10
1849750434,1110561891,10
-802006266,263337570,9
1928678034,822473374,1
2133947635,-1940691404,10
-862961265,642473595,10
-862961265,-1882114827,10
-862961265,-249001563,10
-862961265,604137176,10
-862961265,376927358,10
-862961265,-2096355667,10
-862961265,-564469342,10
1605144735,1424814472,10
-2111540365,-1281413588,10
-592243265,1889589254,10
-2008668765,159902741,10
-1128160365,567338610,10
2082650835,-79829195,10
2082650835,-393670916,10
2082650835,-614212436,10
2082650835,-1150415825,10
2082650835,580594287,10
2082650835,-846459523,10
2082650835,733775163,10
2082650835,1945199326,10
2082650835,-1636193721,10
2082650835,722229211,10
2082650835,-1886585318,10
2082650835,-109804819,10
2082650835,1140909462,10
2082650835,-1322892881,10
2082650835,-2030196337,10
2082650835,1301143007,10
2082650835,1535531196,10
2082650835,1049832070,10
2082650835,-697499726,10
2082650835,-668835040,10
2082650835,-1450917147,10
2082650835,63220955,10
2082650835,1587499886,10
2082650835,-844726824,10
2082650835,-647496982,10
2082650835,-57930146,10
772468235,-695911464,10
772468235,1089766105,5
-1958229565,266389627,10
-2549465,1600064184,5
1083435635,1357960410,10
-1634972764,806099018,8
-1634972764,1886854739,7
-1634972764,747846795,4
-1634972764,1096754808,8
-89648664,-194609724,10
-89648664,1833140369,10
-1726551664,-261687460,10
-1726551664,2067817234,10
-1726551664,-941442556,10
-1726551664,-1454142945,10
-1726551664,-1782642912,10
-1726551664,-919249706,10
-1726551664,1768139190,9
-1726551664,-771323110,10
-1726551664,-1553935321,10
-1726551664,-1587266560,10
-1726551664,-1441428535,10
-1726551664,1710291143,10
-1726551664,1528405230,10
-1726551664,1169772727,7
-1726551664,-1832449304,10
-1726551664,487003518,10
-1726551664,-88262624,8
-1726551664,1596801706,10
-1726551664,457691140,10
-1726551664,981153038,10
-1726551664,-526860417,10
-1726551664,-1656682353,10
-1726551664,-1216471490,10
-1726551664,-1753360828,10
-1726551664,-1417147175,10
-1726551664,1400675829,8
-1726551664,850666234,10
-1726551664,-216765335,10
-1726551664,427133680,10
-1726551664,647493980,9
-1726551664,-761056169,10
1415352636,1769485501,10
1415352636,159902741,10
1415352636,-1388152101,10
1415352636,400932712,10
1415352636,-93839898,10
1415352636,-390414672,10
1415352636,-177246609,10
1415352636,-1375185351,10
1415352636,-849676846,10
1415352636,-2058757092,10
1415352636,-1022515260,10
1415352636,-1900288326,10
1415352636,1380853512,10
1415352636,-1292274461,10
1415352636,-41555406,10
1415352636,190328319,10
1415352636,-1485099033,10
1415352636,214035350,10
1415352636,-1991817611,10
1415352636,-463077409,10
-1056613064,1223765633,10
2025664336,-2016947460,7
2025664336,1521376689,6
2019834036,1581351091,10
2019834036,1049374349,10
2019834036,-1344809095,10
1014288236,1298383821,10
1014288236,-546418853,10
1014288236,-552895708,3
1014288236,-1237994954,10
1014288236,517223471,10
1014288236,1927442082,10
-1138124864,-80354223,10
-1238747364,1880379914,10
-1238747364,33707759,10
1666663136,1250827030,10
-902509964,752039835,10
-902509964,1746724601,10
-902509964,173271324,10
798279336,-1110353144,10
798279336,1857770202,10
798279336,-1520141539,10
-1560157564,52067380,10
-1777566763,-493612825,5
1580992237,400932712,10
-1903461363,-1951517734,2
-1831667463,530708296,10
494785437,282143427,5
494785437,1098427332,5
494785437,-90053316,5
494785437,-1958363558,7
494785437,1239556074,6
494785437,-1014781622,6
494785437,-1757572699,6
494785437,-62078462,5
494785437,841737510,5
494785437,179482899,6
494785437,-1808827677,5
494785437,-1916450913,6
494785437,92633134,6
494785437,-1607580307,6
494785437,1271843433,5
494785437,-1569254822,5
494785437,1161571447,6
494785437,1909739896,6
494785437,68750438,6
494785437,132744566,6
494785437,-1891056755,5
494785437,1498439905,5
494785437,1252493601,5
494785437,437736014,5
494785437,1640608027,4
494785437,-2026552892,4
494785437,-1732263145,7
494785437,1582975747,6
494785437,1283730198,6
494785437,183294272,5
494785437,-1372923286,6
494785437,447486892,6
494785437,-1887868626,6
494785437,-1664747445,5
494785437,907436652,5
494785437,2139605604,6
494785437,845668243,5
494785437,-171920277,6
494785437,2064272475,5
494785437,-158817641,6
494785437,888893535,7
494785437,1466120885,5
1067464837,-76255550,10
1208012837,604311884,10
-1004913963,1942869276,8
1147732937,-1341683727,10
-1817894363,-1302381397,10
-1817894363,-357730569,10
-1746743263,-1165663628,1
-1587355863,-324196193,9
-1587355863,-371553231,10
-1587355863,1852746080,9
-207319063,1978070707,9
-207319063,-43127190,9
-165159462,-551880207,10
-186509324,714577605,10
-186509324,-349323384,10
-186509324,829306202,10
-186509324,1614483568,10
-1285355562,1462230786,10
-1285355562,-432224147,10
-1285355562,966918513,10
-1285355562,278660555,10
-1285355562,1216897808,10
-1285355562,172125736,10
-1285355562,1006089994,10
-1285355562,-850437041,10
-1285355562,-1865349858,10
-1285355562,-1803614318,10
1021136138,2144688948,10
-2138750862,-1214209771,6
-2138750862,-115219376,5
-2138750862,-1992330310,7
-895413962,159902741,10
-941090962,-1417147175,10
-142592462,1790616975,10
-1835457562,846862725,7
-2125180862,-2115138291,10
-372527862,-1015959286,10
-1579583362,1967567296,5
-1579583362,-368024131,7
-1579583362,1521401421,6
-1579583362,2051753751,8
-1579583362,-224178154,5
-1579583362,-1784381142,6
-1579583362,-1305270481,5
-1579583362,-1195900999,7
-566640462,-1669959723,8
-566640462,1045233313,8
-566640462,-163066446,8
-566640462,-851857160,8
-566640462,1378265948,8
-269313061,1114996844,8
-269313061,403948974,7
-269313061,134455151,10
867356239,-473704322,7
1306721439,-620412297,10
1306721439,-694730995,10
1306721439,1144778765,10
1306721439,-154440527,10
1306721439,1661152306,10
1306721439,-1010263025,10
1306721439,2142213733,10
1306721439,1586007860,10
1306721439,1744996850,7
1306721439,1165969521,10
1306721439,-1249618967,10
1306721439,-708679950,10
1306721439,-285443395,10
1306721439,551724446,10
1306721439,1412095477,10
1306721439,-109156600,10
2023926039,-518876567,10
1469773639,-493837819,10
1469773639,2041607508,10
2007042939,33980398,10
489206939,120291848,10
489206939,1023752948,10
-788210061,1944379844,10
-788210061,-925082252,10
-788210061,-457527100,10
-886238961,428145628,10
1429479539,406046430,10
1826465839,186333408,9
1826465839,-1376480476,7
1826465839,77954276,9
1393247139,-1212857483,10
1393247139,78667013,10
-472001460,911125400,4
-921517060,315402438,10
812654340,-2046194204,10
1810296140,1271681371,10
1810296140,642473595,10
1810296140,-171920277,10
1810296140,1306723835,9
1810296140,-1808827677,10
1810296140,132744566,10
1810296140,-1569254822,10
1810296140,-1757572699,7
1810296140,-1891056755,10
1810296140,-1858559065,9
1810296140,-1239290162,9
1810296140,-90053316,10
1810296140,873935092,9
1810296140,-687112235,7
1810296140,1416281690,9
1810296140,1419505038,10
1810296140,-2016947460,9
1810296140,338835300,10
1810296140,-281306843,8
1810296140,179482899,10
1810296140,-936585588,9
1810296140,459620528,9
1810296140,107629378,9
1810296140,1521376689,9
1891155340,1820678591,10
1891155340,701512036,10
-1138230760,872688104,10
1822359040,1642575593,10
793096640,-1423225104,10
-1035053360,-1298446905,10
1409901340,559221003,1
-1001348460,-1937768629,10
-1324477660,2064723252,8
652242840,-1475260103,10
-651306360,-2054977103,10
-651306360,-2072999088,10
817681441,-91924647,8
-2121982159,98801612,10
-2121982159,-173843431,10
-135173159,1727412571,10
-135173159,-361667599,10
-135173159,1490947037,10
-135173159,-545810445,10
-135173159,-524203417,10
-135173159,389962383,10
-135173159,832952714,10
-135173159,1022920876,10
1871169541,1509080166,10
1871169541,1961225156,10
1871169541,201587385,10
1871169541,-33791774,10
1871169541,1993513406,10
1871169541,-2098824407,10
1871169541,-26734514,10
1233143741,724850718,10
1233143741,107232033,10
1233143741,-177740393,10
491340441,1186534265,10
1060949941,1877290306,10
1060949941,-270690658,10
-1376180159,-829578031,10
1466756641,1433599847,10
1620317441,1463917201,10
608808541,-1417147175,7
862338241,-1311469736,10
862338241,746076471,10
862338241,587241553,10
862338241,-1516644864,10
862338241,-1596356398,10
862338241,-1309767346,10
862338241,1631340068,10
862338241,-1239053359,10
862338241,-1863307255,10
862338241,1361640970,10
862338241,612156975,10
862338241,-1398122081,10
862338241,-1458706018,10
862338241,-173558335,10
862338241,-1450917147,10
862338241,-882673252,10
862338241,512280675,10
862338241,-1057741992,10
862338241,-926769537,10
862338241,342219313,10
862338241,-1733068420,10
862338241,-852531941,10
862338241,907734847,10
862338241,-1477075948,10
862338241,-1622073792,10
862338241,-1803614318,10
862338241,-243584378,10
862338241,-735186436,10
862338241,-1786504804,10
862338241,-287556064,10
862338241,1869071771,10
862338241,1833735109,10
862338241,-223129695,10
862338241,-1626582016,10
862338241,1191541662,10
862338241,2103365423,10
329911141,1110561891,10
329911141,2000212833,8
329911141,787456130,10
-1220720758,1177815796,10
-440945358,-2012502041,10
748225742,-37878627,8
-1572557758,-1097905595,1
1248092242,-1653156012,7
1248092242,27711948,6
378010342,-2123481646,10
378010342,-1203931099,10
378010342,-722222939,10
-1248257558,520044654,10
-1248257558,1344568715,10
-1248257558,2091010514,10
-1248257558,-1008917471,10
-1248257558,1654611414,10
-1248257558,1271345170,10
-1248257558,584698084,10
-1248257558,997617217,10
-1248257558,1047460943,10
-1248257558,-901318394,10
633994342,-1678907702,10
825667842,-1847602318,10
825667842,-1385556154,10
825667842,1886374453,10
825667842,604678979,10
825667842,400932712,10
825667842,1394064557,8
825667842,1089766105,6
825667842,-1645326635,9
261080042,-1529037241,10
261080042,485182413,10
1665708642,-1793276435,10
-421076358,-1420725238,5
-421076358,-777109901,6
-421076358,1651822234,5
23577043,-1292274461,10
72434143,-2012502041,10
65355043,-1688984745,2
-2105792357,-1292274461,1
504076044,1547928192,10
504076044,735752770,10
504076044,837078478,10
504076044,1820678591,10
504076044,818552527,10
504076044,-209021530,1
504076044,1171848488,10
504076044,892625044,10
504076044,400487485,1
504076044,-1314696822,10
-478297856,783501993,5
396613844,1550991400,10
-180499456,2098154920,10
-1184308856,-72113935,10
-1184308856,838663273,10
-1184308856,-1634925670,10
-1184308856,387134748,10
-1184308856,2059442302,10
-1184308856,1592538274,10
725426444,-622317073,10
725426444,-1522629533,10
725426444,520292303,10
725426444,-813037103,10
725426444,-354485636,10
725426444,171085250,10
725426444,1705600600,10
725426444,34034458,10
725426444,2097342208,10
725426444,1887829907,10
725426444,-2140093274,10
725426444,-1875960085,5
2106024944,282754355,6
-1473127056,-155699884,6
-595677256,-1282193555,6
-618519856,1407841629,1
1470660844,-293063419,1
2098855044,-1460006001,9
147276245,-521528034,10
147276245,-915714808,6
147276245,-23999725,7
147276245,-1523090317,10
147276245,1047465055,10
147276245,1820678591,7
147276245,-416349923,5
147276245,601836623,10
900203045,-1426772709,8
-96404355,674799804,10
-96404355,-938135611,10
-96404355,1715413481,10
-96404355,1250682932,10
-1895999155,-829578031,6
1373944945,745772557,3
-551448955,1112127371,1
1225703745,-1712965870,6
520836845,-116238510,10
520836845,-1903275773,10
-1564820755,-588722358,8
-1564820755,-490523120,8
-1564820755,1867356466,8
-207798755,-1496807551,10
1209540545,287586442,10
1209540545,-808820651,10
1569372145,315461459,10
416386246,-1305641699,10
416386246,1790616975,5
-851365954,317672214,8
1862878846,1581351091,10
-915758054,-1218714995,10
-662331654,1319754002,9
-1632194854,1723363185,9
-271918154,-2115138291,10
-756664454,1492148515,10
1075529546,764414199,1
1075529546,1559419445,5
1075529546,1984164138,6
1075529546,2023928362,5
1183712546,1462230786,7
1183712546,-988331248,6
1183712546,2019100986,6
1183712546,1191541662,8
1183712546,-1642615703,7
-296559954,-251387834,4
518165446,-1672240246,10
518165446,791945313,9
-1619873754,600349116,10
-1619873754,1460169846,10
-1619873754,-411425732,10
-1619873754,-468708570,10
-1619873754,1764093589,10
-1619873754,-225214052,10
-1619873754,2013096881,10
-1619873754,-2083305428,10
-2102551254,1738285983,10
-921342954,324648007,8
1577518747,-1016828715,10
1020094347,-1282207539,9
1020094347,1466378840,9
-2016993753,622820348,10
-2016993753,-281396571,10
-2016993753,-4753097,10
-2016993753,171946024,10
-2016993753,-1148698675,10
-974003153,-446323131,10
-974003153,348993310,10
545712647,1313657662,10
545712647,1256821132,10
545712647,603227229,10
307461447,-1075856863,10
-1902486153,-126751248,10
-901446753,-1230940250,10
-1473401453,-112632305,10
1406202747,952443320,5
-1099367453,1886374453,8
934638647,-963807555,10
-653058753,1077072889,10
-653058753,902010489,10
-653058753,2081303671,10
-2014341152,1578102501,2
-2014341152,817145037,10
-362185052,1814717869,5
-362185052,-1900288326,10
-362185052,-951214486,10
-362185052,-867664618,7
-362185052,867754988,10
-362185052,785617929,10
-362185052,-165399238,10
431094348,130829185,10
431094348,-1257656211,10
-1679296352,-496626151,8
-338349452,-1782642912,10
-338349452,-1587266560,9
-338349452,-761056169,10
-338349452,-1175314242,10
-338349452,-1753360828,8
-338349452,-1832449304,10
-338349452,-216765335,10
-615527552,1660828939,10
-615527552,501262449,10
-615527552,1144151787,10
-615527552,1528952933,10
-615527552,601836623,10
-785525552,-480784680,9
-1853748152,-153128054,1
-1853748152,1666952616,1
-1818450352,-691418715,9
4079848,-1895593991,10
4079848,564184987,10
4079848,1165297863,10
4079848,791878074,10
4079848,-1274345284,10
4079848,940539497,10
4079848,789946910,10
4079848,659472608,10
4079848,-1052290676,10
4079848,-1493896684,10
4079848,210365022,10
245923448,-806687711,10
245923448,1908906735,10
-858507552,-924133795,6
-1214340652,478971168,5
887102149,-1515029827,4
-1872612551,949889534,6
-1872612551,1978961803,9
-1872612551,-313295583,5
-1872612551,931371020,6
-1872612551,-1798436263,8
-1872612551,-1546726983,9
-1872612551,1487941115,9
-1111092851,1302300907,9
-1111092851,-1832449304,7
-1111092851,-1782642912,8
-1111092851,-1587266560,8
-1111092851,-875368781,8
-1111092851,138884318,6
-1111092851,-1753360828,6
-56210551,1467277452,9
-56210551,285369852,8
-56210551,-340514711,9
-56210551,-104751436,8
-56210551,-725612227,8
-56210551,-147122864,6
-56210551,711877588,8
-56210551,-782702574,7
-56210551,2095699563,7
-56210551,-1363883939,7
-56210551,317375609,8
-56210551,-107325333,7
-56210551,268642561,6
-19205851,945043254,10
-19205851,2129600205,10
-19205851,2018547605,10
-19205851,-490447721,10
-19205851,597542837,10
-19205851,630948182,10
-213981451,-183626456,1
2039902749,-361667599,1
2039902749,-1876264180,9
92616349,540608431,10
1535724549,-1900288326,10
1412637449,-1385524521,8
-2004318051,1509080166,10
1104885949,576233060,6
1104885949,-518876567,7
1104885949,972558801,7
-1591445851,-2133401750,10
-704412550,-58044789,10
-2014775150,-411200500,10
763456550,981153038,4
763456550,-1553935321,8
763456550,1194300949,4
-1564082650,182078959,9
-1564082650,-759813336,6
-1564082650,1790616975,9
1380551550,134455151,5
667949950,652196645,9
941786650,1380853512,10
-358667950,1977510444,10
-358667950,171671320,10
-358667950,577374549,10
881938450,-1986509598,10
881938450,-1500394877,10
1214630550,1886374453,10
1630677150,-231960875,10
-1530666150,1856660386,9
-1530666150,-1314156955,7
-1530666150,1886374453,2
-1530666150,-934938066,10
787466050,-1610458186,10
-859114250,1259404284,7
-859114250,459651976,9
-859114250,-329714387,6
-859114250,-955098928,7
-859114250,-924133795,8
-859114250,-1500046386,6
-234118750,-1468493743,10
1576768150,-854986813,10
1576768150,-1326094666,10
1227881851,211527088,10
1227881851,-992541595,10
329274051,-139700556,10
329274051,1820678591,8
1698609151,-1972873934,10
-1026287649,-1136314699,9
-1026287649,1854946053,10
-1026287649,-222449305,8
-1026287649,722229211,8
-1026287649,-776842062,10
-1026287649,446098980,9
-1026287649,-1020500938,8
-1026287649,273052115,8
-1026287649,-1139799645,10
-1026287649,-914584436,9
-1026287649,-1729352210,9
-1026287649,-778723948,10
-1026287649,-829142600,10
-1026287649,821381820,10
-1026287649,-1242913514,9
-1026287649,151403373,8
-1026287649,-931602191,10
-1026287649,-2094185119,9
-1026287649,1057129259,9
-1026287649,-334849299,9
-1026287649,-823490897,5
-1026287649,-405475966,10
-1026287649,1596043547,8
-1026287649,-179955019,8
-1026287649,1633778532,8
-1026287649,-1582227103,10
-1026287649,-79829195,8
-1026287649,-859020378,9
-1026287649,1405011229,9
-1026287649,-202722210,9
-1026287649,-1910529816,10
-1026287649,1703688314,9
-1026287649,-2030196337,8
-1026287649,-604703707,10
-1026287649,-473519416,10
-1026287649,-430835476,9
-1026287649,341012778,9
-1026287649,2090936027,9
-1026287649,-1785617040,8
-1026287649,-89054114,9
-1026287649,-1928036170,8
-1026287649,-1604737707,8
-1026287649,-1669042606,9
-1026287649,-340099613,10
-1026287649,-589628379,10
-1026287649,-1874547430,9
-1026287649,921106521,10
-1026287649,669131043,8
-1026287649,63220955,8
-1026287649,-239261181,9
-927982349,1433918967,10
-453242649,159902741,10
-612435049,-1061386878,10
-612435049,2064219600,10
-1639585849,271906186,10
-1639585849,-879075593,4
-1639585849,-500822766,10
-1639585849,-712248132,6
-1639585849,-889723117,10
-1639585849,1453356381,10
-1545676249,1044732300,3
-1545676249,1579183562,1
-390503849,-1204797431,9
-390503849,-1561785567,9
-390503849,1659181028,9
129678751,439061691,10
129678751,2064723252,10
129678751,1581351091,10
129678751,-1377102838,6
129678751,400932712,10
129678751,-263940819,10
129678751,2104261406,10
129678751,1798143141,5
129678751,1247267934,6
129678751,1068418232,10
129678751,1399505106,10
129678751,-114931436,6
714936051,-548147533,1
-1536884149,-231977393,10
238233352,-1111375522,10
-2127689548,994101469,10
-2127689548,-666874251,8
-2127689548,538236861,2
-2127689548,-829179969,8
-2127689548,810917519,8
-2127689548,1942869276,1
-2127689548,1794002988,10
-2127689548,2134137850,8
-2127689548,-458201622,8
-2127689548,948042842,8
-2127689548,1353638594,8
631719852,2008082753,10
53912252,837225008,10
-762404148,2059375406,10
797681152,617038100,8
-659751848,-1514059221,2
2068205352,845680876,9
-1010248648,996740999,10
-1978413648,333240254,6
-1628268548,1357526984,9
756780153,1942869276,10
-27234647,-1751116472,3
1737142353,-396954984,10
-1087684647,-1928958347,10
-647095247,263729576,1
344598153,1220725402,10
242065453,1038011593,9
242065453,950035169,10
242065453,794407355,10
-421799347,1427346103,10
-421799347,34537836,10
-421799347,-1847530337,10
-421799347,1252144987,10
-421799347,41174332,10
-421799347,1308968829,10
-421799347,-757018307,10
-421799347,694661570,10
-1134974446,1820678591,8
1360356254,1256821132,10
2089430754,-947652305,10
-467406146,906081901,8
-467406146,566215611,10
-467406146,-524168352,10
-467406146,288502837,10
-467406146,2066619168,10
-467406146,-755077391,10
-467406146,315402438,10
-467406146,1009481458,10
49707654,699176539,7
49707654,1758640833,9
49707654,-411200500,7
-1377257646,1882878209,10
2050920754,-1471827920,10
1955911454,1245149041,10
-1814935945,1943562970,3
87720055,-1130201392,10
87720055,-132499296,10
87720055,1481384570,10
87720055,-416349923,4
87720055,-80354223,8
191451555,1993513406,10
1639239755,-1663065517,10
-1671501545,-801397077,10
755591455,-515367282,10
-970360745,675294835,10
-970360745,-1830739624,2
182364655,599169630,10
-1774107245,-461459044,10
-979315445,1664620097,10
-1432059044,-1657700457,10
-1432059044,672025405,10
-1432059044,1463471883,10
-1432059044,-1229672253,10
1838468756,-41816085,10
-316757744,1727417744,6
-1865769144,1054525339,10
1498388656,-2060343441,5
1498388656,397172593,6
1498388656,277942782,8
1498388656,-1988099558,7
87024156,1327344713,10
87024156,-675830695,10
87024156,-1115601807,10
936593956,-425010526,10
1594140056,-216765335,7
-810384044,1368903782,10
1691264056,-944231552,10
1869886956,1786057456,10
1576925157,-2146266856,10
-1684019543,911125400,10
-1684019543,-1134452589,10
220395557,-2076659034,10
-468329343,1942869276,1
-468329343,-1516369539,10
-2041771143,1892614311,10
-2041771143,-1096163536,6
910110857,-1386641745,10
910110857,1411466396,10
910110857,-1445948921,10
910110857,-1058660947,10
910110857,1467538495,10
910110857,1250565529,10
910110857,-1279599197,10
-984933043,1312450487,10
485699257,480884478,10
-460602843,-2147079912,8
-1593310843,1581351091,10
-916827942,1141608347,2
-801919742,-1750093450,10
963138658,32274455,8
963138658,-541009340,10
963138658,1324593321,9
-1798749642,1215872109,8
709059558,-616972531,2
2054670158,400932712,7
2010852358,459651976,10
-383278242,134455151,8
-702481742,694661570,10
1389157158,-777109901,7
-301175242,-1672850204,10
-301175242,-640824654,10
-301175242,-411200500,10
-301175242,-2084970266,10
-301175242,-1932954718,10
-301175242,-886574553,10
-301175242,487108336,10
-301175242,-1398609766,10
-301175242,-1725881869,10
835796659,-851857160,10
835796659,-1516644864,10
835796659,-116238510,10
835796659,-944231552,10
835796659,-1669959723,10
835796659,1601564675,10
835796659,1631340068,10
835796659,703279963,10
835796659,-163066446,10
835796659,-1863307255,10
835796659,794407355,10
835796659,2044892546,10
835796659,880048934,10
835796659,1378265948,10
514948359,-1329672928,10
514948359,-1680198350,10
1073427759,-848141594,10
1073427759,-31080329,10
-1681977041,1766817843,7
-1317979241,790625824,10
-2126496941,-1923645262,8
-2126496941,-534207533,8
-2126496941,-777395302,4
-2126496941,-301150528,8
-2126496941,1289663260,8
-2126496941,2119395576,9
-2126496941,671145956,6
-2126496941,-622909378,8
-1213656041,1894030391,10
-1457251541,-1829472995,10
-1457251541,-897525773,10
2101399559,1205717817,10
1871768960,263729576,7
1871768960,-1900288326,8
-198240040,-1727671657,8
-198240040,778125890,5
-198240040,-1187647497,6
-198240040,1183714963,4
-198240040,1888310876,7
-198240040,9202823,6
107003360,1627743870,2
107003360,911125400,8
107003360,1342255669,8
107003360,-545810445,4
107003360,-1155073012,7
107003360,-1453457870,9
107003360,-800399208,8
107003360,134455151,10
107003360,-1306910337,9
107003360,-165112503,4
107003360,-1944591800,10
107003360,315402438,8
107003360,-695911464,10
107003360,149376665,3
107003360,-854142561,2
779593260,34537836,10
779593260,-757018307,10
779593260,1252144987,10
779593260,432279659,10
779593260,-231960875,3
779593260,134455151,10
779593260,-1376480476,10
779593260,1908906735,10
779593260,-594781190,10
-145440540,-894078593,2
-145440540,192177287,10
-145440540,-1666368785,10
1363609660,1719923435,1
427832860,-1996061554,10
-1838083040,-816302385,7
-981745040,-1660713173,10
-1675187540,-1283692792,10
-806395940,-1876412906,10
2046210260,-1847602318,10
-1381273040,-1266644591,10
-1154989139,1284534039,7
1219382561,-524203417,8
1219382561,-1352687615,9
1219382561,-1346437458,8
1219382561,-1627118207,9
-592308739,-862348834,10
-592308739,1366728579,10
-592308739,1022411907,10
-592308739,-637500691,2
-592308739,-494558944,10
-592308739,-1003082481,10
-2054996239,-1326094666,7
452091661,-795410548,10
-1254707739,1963118338,10
32624261,-1148303631,10
1128472061,-37104758,7
270988461,1746724601,10
1837897861,-936690392,1
1837897861,-1515029827,1
-183228739,715917700,10
-1855463639,-484673603,10
598252661,-41555406,10
598252661,2064723252,10
598252661,-444679081,8
598252661,-1636275235,10
598252661,-177246609,10
-278324939,862058456,7
289772962,333996239,10
1146488662,233191410,1
-2460738,-1429844909,2
-2460738,1958062673,10
-2460738,1952865898,10
-2460738,-1212857483,3
-2460738,-792514582,10
-2460738,921440384,10
-2116816838,1262385533,10
-2116816838,-714862148,8
-262264038,-14855385,10
-889299638,-1638966603,10
-989192838,1172426029,10
663112962,670071695,10
663112962,202444618,10
2003196462,1942869276,1
-1964629538,-880210165,7
-1964629538,1854049684,7
-1964629538,1223116085,10
-1964629538,1368903782,7
-1964629538,-1526665473,7
-505011738,46629551,10
356917562,1981846624,10
-752496338,-967099471,8
-752496338,317672214,8
-752496338,-1727671657,8
347410762,1220725402,10
-787663838,256744421,5
260873762,1203149809,7
260873762,1730786015,8
-1822549638,52394117,8
218848362,1908305819,7
-1995643738,760088767,10
1485649962,1503978671,10
-821787037,901049901,6
-866587137,1891177160,10
-1789203837,-1627118207,10
-1789203837,857131610,10
-1789203837,-1256122974,10
-250740337,-1447319846,10
1338937363,1841002931,10
1338937363,-1367823041,5
-2146514937,303345277,10
-2146514937,46629551,10
-2146514937,1869099882,10
-2146514937,753680797,10
-2146514937,-1383503359,10
-2146514937,597454908,10
-2146514937,1171901797,10
-2146514937,1733587918,10
-2146514937,-13305304,10
-2146514937,1175685603,10
-2146514937,1843724664,10
890387063,-1976454771,9
890387063,-2123008493,9
890387063,604678979,9
-1140000737,1736570137,10
-1140000737,-479182874,10
-1140000737,1423574682,10
1665657563,1891177160,8
-1573062237,1696197766,9
-988051637,-1423552138,10
-1123481336,1114996844,10
-1123481336,-839992086,10
-113005436,210501133,10
1570273464,674765807,9
1650795664,1042356209,10
584780264,346330310,8
1819854664,488049150,9
-357514136,1590395891,10
491494364,-1537807135,5
-1009417236,968363906,10
1036201864,1442941940,8
-544010236,-2012502041,10
-544010236,2052426144,8
-544010236,-304236718,8
-544010236,374713547,6
-544010236,-361667599,8
-544010236,1891400169,8
-1391098135,-1027772033,10
-1391098135,-1012116310,10
772517165,1065169054,9
-1797357635,2098805971,10
1747535965,-624246533,10
-1523239235,1508921059,3
481172565,-2026605730,10
481172565,1443350241,10
481172565,1368283319,10
481172565,1614264913,10
481172565,-1560879027,10
481172565,741143175,10
481172565,-894513111,10
481172565,1238142854,10
481172565,2133095606,10
481172565,1743289473,10
481172565,-2080072202,10
724884265,872688104,8
-33833935,372231711,10
515897665,-1865403930,10
515897665,1616925011,9
91080665,1746724601,10
735979465,-1772166053,10
-804311534,-555923644,10
2114888766,1510206223,10
1566688766,-1238028627,7
1566688766,-387785435,8
1812111966,-2057284531,10
811107966,1153625769,9
811107966,43764264,7
811107966,1135751983,9
811107966,1583427067,7
811107966,1344568715,7
811107966,279474865,8
811107966,911895250,7
811107966,-1422072056,7
811107966,-796036423,8
811107966,1983336842,8
811107966,-589989330,4
811107966,480433144,6
-385486734,1082598926,10
-673704534,-1830739624,1
-823218833,1741545827,7
-553559233,1181688849,9
-1545951833,911125400,10
-1545951833,-829578031,10
-1545951833,2064723252,10
-1545951833,-2098824407,10
-936619833,21657785,10
-936619833,-501589955,6
-936619833,1220725402,8
-936619833,819444171,7
-936619833,843540405,6
-936619833,-1339115201,10
-936619833,1352325956,10
-936619833,-973370118,7
-936619833,1814012156,6
-936619833,-1035837052,6
-535642933,-837238595,8
-535642933,2074373834,10
-535642933,-967603287,9
-535642933,1509080166,10
-535642933,-273958064,8
1046407767,-237494299,6
-509906533,1883135239,7
406855067,452630012,10
406855067,1630222289,10
406855067,1881635805,10
406855067,869535373,10
406855067,1229941212,10
-681575033,1692528511,10
-331268833,-421555940,7
-331268833,1987716735,10
95002667,429436554,9
95002667,1550171244,10
-239723733,1068418232,10
-138847132,-1828543965,3
-885985032,-1097905595,10
-885985032,601836623,10
1559201968,-988238553,7
1036255168,-672799717,10
-1837920532,3495713,9
-1805689132,-915714808,10
-1805689132,1601849846,10
-1805689132,-633920911,10
-1805689132,134455151,10
331923468,-2060312716,10
-147148331,217891144,4
-304016731,-177246609,10
-304016731,-1991817611,10
-1587185731,-1344809095,2
1143325969,1637485213,10
-976530231,-1171686819,4
-976530231,-1035209193,3
-976530231,-881827131,10
-976530231,627135191,10
-976530231,-352186115,10
-1454741531,589248309,8
-1394286131,1703856833,10
-784726230,-555606850,10
-583021030,-1075856863,10
159808870,911125400,9
1652271870,-1741702006,1
2105836770,-1701994455,10
2105836770,-1862147297,10
2105836770,2113886645,10
2105836770,2016371674,10
2105836770,2038615755,10
-1564532530,-1593753240,7
2056750270,315402438,10
2023074770,-1330333805,7
1219168770,1886374453,10
-1069310830,-1757829503,4
-1069310830,-931602191,7
-1069310830,1194300949,10
-1069310830,-481197594,8
-1069310830,-1874547430,5
-1069310830,-1181535722,7
-1069310830,-1729352210,7
-1069310830,597144385,2
-1069310830,1703688314,5
-1069310830,493616770,5
-1069310830,446098980,8
-1069310830,-473519416,5
-1069310830,-1910529816,4
-1069310830,824555557,3
-1069310830,821381820,4
-1069310830,-560002174,4
-1069310830,-1474915107,7
-1069310830,-913143355,7
-1069310830,1057129259,6
-1069310830,341012778,5
-1069310830,-776842062,4
-1069310830,921106521,3
-1069310830,-604703707,5
-1069310830,1854946053,6
-1069310830,-1139799645,3
-1069310830,1234427577,4
-1069310830,360684420,8
-1069310830,-340099613,4
-1069310830,1737232303,6
-1069310830,-1582227103,8
-1069310830,-829142600,8
-1069310830,-2094185119,8
-1069310830,1864585909,10
-1069310830,-778723948,7
-1069310830,-1242913514,10
64439970,-1126903560,2
-685624830,159902741,10
-425822930,1166649987,10
-425822930,1672007950,10
1205970770,1232312403,9
1205970770,1414808583,9
1132272670,-251387834,8
1132272670,1877290306,5
1938266670,1211808714,10
-854082130,-1090141916,10
-854082130,-180509971,10
-854082130,524682929,10
-854082130,-274880383,10
-787188029,-1388268060,10
958104971,-359037037,10
1414736871,-127749819,10
-1703472229,1469633303,9
957166871,1022411907,6
957166871,1153651060,8
957166871,-408224730,7
957166871,-889519496,8
957166871,703279963,9
957166871,-941442556,5
957166871,-2106218348,3
957166871,-1977853707,7
957166871,412834768,8
957166871,-1239290162,3
957166871,-261687460,5
957166871,-2119523628,7
957166871,-1140965532,8
957166871,484368213,7
957166871,-510899147,5
957166871,1578102501,6
957166871,-2058705592,7
957166871,1238142854,8
957166871,1481316396,7
957166871,-1003082481,7
957166871,-862348834,8
957166871,-1476811287,7
957166871,1769375852,8
957166871,1368283319,9
957166871,-1913806094,8
957166871,-1038632468,7
957166871,-1652376937,3
957166871,427133680,5
957166871,-1086333636,6
957166871,2086348000,3
957166871,-552449112,3
957166871,-637500691,5
957166871,16777673,7
957166871,-53828960,3
957166871,-942259893,2
957166871,-494558944,5
957166871,-480939037,6
957166871,-710487073,8
957166871,1306723835,2
957166871,-1551231693,7
957166871,-1303243118,7
957166871,40826067,3
957166871,271240762,8
957166871,-971437338,4
957166871,1052748374,7
957166871,98458268,7
957166871,1752910309,6
957166871,-317195565,4
957166871,640860489,6
957166871,-624246533,7
957166871,-2026605730,8
957166871,-902433908,7
957166871,1631340068,9
957166871,-944231552,8
957166871,1232312403,5
957166871,1366728579,6
957166871,-116238510,8
957166871,-621689945,7
-84437629,-1127412431,10
2072583571,293426096,5
-2135823329,2044892546,3
-2135823329,-1863307255,10
-2135823329,703279963,8
-1062791729,-1944591800,5
-1353829329,672885180,2
1198997871,-974996965,10
1198997871,-1349328243,10
1198997871,89548378,1
1198997871,1642575593,10
1198997871,-2021117182,10
-83497129,-1633605599,3
-1097485729,-1800603975,6
-1097485729,1118190188,10
1104132171,512001583,5
183764272,1981846624,1
452081672,956222399,6
-707441628,941789598,10
-707441628,1068240457,10
-1951534428,16777673,10
-1951534428,-2058705592,10
-1951534428,1578102501,8
-1951534428,-2119523628,10
1816526372,2141917776,10
1816526372,1790616975,10
1816526372,850865097,10
568875472,-1435786655,10
568875472,-1176781237,10
2127869972,1537576467,10
2127869972,-21624349,8
1468921272,333240254,7
1233341072,-275892999,10
1233341072,-1331822370,5
1233341072,2038774297,10
1233341072,-269365384,10
-1153968828,-745809765,5
-1153968828,-1393964645,5
158899073,653858026,2
726182473,892625044,10
726182473,-576436094,10
726182473,1938138845,1
726182473,1710156343,10
726182473,-1083693365,10
726182473,-1973296644,5
726182473,-972253822,10
726182473,-1962306496,10
-1290954427,182078959,5
-786138927,1931620653,10
-870615427,-236145904,10
-870615427,1553943280,10
-870615427,1177565564,10
-870615427,-1156364532,10
-870615427,1460169846,10
-870615427,623588212,10
-870615427,675136621,10
-870615427,1585751593,10
-870615427,-1913845520,10
-870615427,-210170137,10
-870615427,101693897,10
-870615427,554954296,1
-870615427,419006918,10
-870615427,-1385377108,10
-870615427,301124556,10
-870615427,-1877900485,10
-870615427,72001969,1
-870615427,48533239,10
-870615427,-560906066,10
1708590873,159902741,10
-1768199227,-1131121916,10
-851945327,-646377392,10
-851945327,715917700,10
1958123773,-556066077,10
1790281773,-1838210187,10
875123773,-1810898546,10
-1652488926,-225214052,10
-1706792326,1614483568,10
2104890574,-1186915333,10
2104890574,609491619,10
2104890574,-271243895,10
2104890574,-727566617,10
2104890574,1841002931,10
-1868787826,-1734484523,10
847580774,-1435622313,8
847580774,549042848,8
847580774,-1352687615,9
651065574,29607747,1
-213751325,972701282,8
-1761111825,1047465055,10
1652316875,52067380,10
1652316875,843868319,6
1133001575,170758540,10
414516675,-78773751,10
-388591525,1730786015,10
-388591525,1203149809,10
-388591525,-1048163090,10
-388591525,-1658532070,10
-388591525,-1112552375,10
-388591525,-1398043394,10
127569475,-2098824407,10
127569475,1110561891,10
127569475,2086416203,10
127569475,1743570162,5
127569475,-444679081,10
127569475,-687027783,10
127569475,-1377102838,1
127569475,-1935176977,10
127569475,-806687711,10
127569475,567338610,10
127569475,-41555406,2
-97234125,1820678591,10
-97234125,1581351091,7
-97234125,1908906735,8
426995875,1820678591,8
426995875,1954164092,10
426995875,785617929,7
426995875,-1746441132,10
426995875,-801083328,10
426995875,-365061166,10
426995875,115655135,10
426995875,-153362174,10
426995875,-287477305,10
426995875,1787388888,10
426995875,-760403122,10
426995875,-1726400854,10
426995875,-640824654,10
426995875,481078711,10
426995875,601360246,10
426995875,-639507845,10
426995875,-907682483,8
1733482075,2141917776,10
738792575,-762530884,10
179635575,1672063904,1
179635575,-1973296644,8
179635575,-1513114317,9
179635575,-457527100,10
179635575,726967150,9
179635575,742930742,8
179635575,-2082136771,10
179635575,814445873,7
179635575,1620328479,8
179635575,-1593753240,10
179635575,-1751116472,7
179635575,-609957,7
179635575,1069180695,10
179635575,-1127621555,8
179635575,-1026216549,10
179635575,-1034119288,8
179635575,-1203406664,7
179635575,178344441,7
179635575,-1712965870,9
179635575,-2133401750,8
179635575,-1165663628,10
1647368476,774704725,10
-149235424,-603553711,9
-149235424,1908906735,10
-149235424,-981947736,9
-149235424,752102777,9
-186509324,1216377390,10
-186509324,-2126776140,10
-186509324,-287953962,10
-186509324,-833891023,10
-186509324,-480784680,10
-186509324,784748670,10
-549017624,-977619072,7
-549017624,1292224893,7
1462516676,1723363185,6
1462516676,399163437,7
-507242924,-1488669195,7
-507242924,333240254,7
-507242924,1820678591,6
-476449924,1367230566,10
-599235724,87157419,10
-1656160024,1394064557,10
1247304176,-77937401,8
1247304176,1265653684,7
1636975476,673996993,10
1636975476,-1910046221,10
1636975476,-1145302831,10
1636975476,-689229205,10
1636975476,-978681381,10
1636975476,243312636,10
1636975476,2075697066,10
1636975476,-2101256949,10
1636975476,-211355659,10
1636975476,1938209435,10
1129679377,-2042316991,4
-1905843423,1710156343,8
-1905843423,-1627916779,10
605394277,-111355905,10
605394277,-977644023,7
605394277,-1292274461,9
605394277,-795410548,8
605394277,1256821132,8
605394277,-1828488336,7
605394277,-1388268060,10
605394277,315402438,9
605394277,134455151,7
605394277,-396837369,9
605394277,58767583,6
-951496423,-587733310,9
-951496423,-155699884,9
-951496423,-1679879570,9
-951496423,-2019539363,9
-951496423,-811708126,9
-951496423,-1303510421,9
-951496423,612156975,9
-951496423,-945485094,9
-951496423,-195234612,9
-951496423,-1642615703,9
-951496423,1462230786,9
-951496423,1191541662,9
-951496423,-1960771416,9
-2084208523,1581351091,10
-945226623,-1020038687,9
1030573377,-1466374368,10
1030573377,-967099471,10
1030573377,239639360,10
-88921723,1596615845,10
1076438477,103269272,5
1522045977,1118190188,10
-879589523,-1438960327,3
-879589523,1628661457,1
-879589523,-1820326014,10
-879589523,-908724327,10
-879589523,1617663336,10
-879589523,201509,10
-879589523,-524141359,10
-879589523,201967688,10
-835508223,1342255669,10
-1975233122,-1916450913,9
-1975233122,1235853132,4
-1975233122,1915529899,8
-551324722,-595459967,9
-551324722,2141917776,6
-551324722,1482978499,6
-551324722,1235211326,8
1024338178,-123431081,10
1024338178,-2054201237,10
1024338178,1035370923,8
1024338178,1979871370,5
1024338178,1657430272,10
1024338178,1590356885,10
1024338178,-1081715669,10
1024338178,1025027384,10
1024338178,1928893186,10
1024338178,472087686,10
1024338178,736636605,10
1024338178,-1602042396,10
1024338178,-239512113,8
-1437139122,403631732,1
1570231778,-1026216549,10
1570231778,-153128054,2
1570231778,786116208,10
165044878,-1838148862,10
165044878,157715964,10
165044878,-576202895,10
165044878,-2060669594,10
165044878,6098311,10
165044878,-1432238682,10
165044878,-2132184480,10
165044878,1185132522,10
165044878,1932020358,10
165044878,217891144,10
165044878,1087449838,10
165044878,155292525,10
165044878,1823743713,10
165044878,-1623838846,10
165044878,643732532,10
165044878,-435666110,10
165044878,-1818821669,10
-1065343122,-387785435,6
-1065343122,1446418719,6
-1065343122,492262884,7
-1065343122,-227734368,8
-1065343122,351668983,9
-1065343122,-806687711,8
-1065343122,-71968863,7
-1065343122,459651976,5
-1065343122,-1897754924,7
-1065343122,-1660353184,10
-1065343122,-1623342757,5
-1065343122,756612814,7
-1065343122,-157753653,9
-1065343122,-1081021522,8
-1065343122,1993513406,8
-1065343122,-1359614794,7
-347375022,-116593177,3
1202294778,1949542668,10
1202294778,2134935177,7
1202294778,-2098824407,8
-2113719822,461237780,10
-989142522,-180025363,10
1956991579,-1290866640,7
1956991579,549204566,10
1551811279,-1719397592,10
1551811279,1407841629,10
1551811279,-1894957473,10
1551811279,-681286612,10
1159222979,-41555406,6
-656017021,1880357331,10
-656017021,-1513114317,2
-656017021,41027686,1
-656017021,872688104,10
-656017021,837225008,10
-656017021,1507743995,10
-656017021,-2133401750,2
-656017021,-1973296644,7
-1794095621,351914,10
-1794095621,-1010259385,10
1147115879,-217542272,5
1147115879,-1649103022,10
1147115879,-460302289,5
1147115879,-2132655203,10
1147115879,-37878627,5
1147115879,-1832868711,5
1147115879,-467368328,10
1147115879,887731652,4
1147115879,-1314696822,10
1147115879,504061977,10
1147115879,1144142642,10
1147115879,-136972190,10
1147115879,-1672993691,10
1147115879,2116834871,5
1147115879,1929623243,10
1727589179,364417034,10
1109223279,1456014877,10
-262563420,-818660666,10
-17163520,-257355092,10
360227380,1757377681,7
974652980,-556066077,10
1854586080,-1243387304,10
1854586080,1820678591,10
1854586080,2134935177,10
1854586080,-177404593,10
677289380,-1577895774,2
677289380,89593924,10
677289380,2049660143,9
1587978280,1357526984,10
-203927520,-1061386878,10
2004612880,-180025363,10
1151269180,400932712,10
1151269180,-463077409,10
1151269180,1376701018,4
1436510880,-1645326635,5
1436510880,-623353308,1
1260880980,919602651,10
2066969480,149043582,6
2066969480,-1672850204,3
2066969480,-1344809095,6
2066969480,1482978499,4
2066969480,807326115,4
2066969480,-1537807135,5
2066969480,-413030536,9
2066969480,-1237126664,4
-1355810420,-1946210801,8
-1355810420,-22339045,8
1472078380,1389138868,6
1472078380,-924439983,5
-1070631019,159902741,9
-1070631019,-1672850204,8
-1629922619,998100873,10
-1830918919,877214235,7
1163470181,-515367282,10
1175974781,880048934,10
1175974781,950035169,10
1652405981,961414554,10
-1752492119,979997942,10
-1366907819,-1986065917,5
-1366907819,-1373380279,2
643264781,822473374,10
-897826519,-1515029827,3
234550681,-1996664392,10
-1355149119,635198494,5
-1214236219,1943819642,9
-1999702518,-1102625464,10
622763282,-1897754924,4
622763282,589173062,10
622763282,459651976,7
411068682,-1665140144,8
564242282,-1341683727,10
-2128177018,-1627916779,10
-370685018,315402438,10
-370685018,-1926769444,2
-370685018,-1537807135,8
-1585912818,-194609724,10
-1585912818,303345277,10
-1585912818,1654611414,10
1079475182,1987716735,10
-394208118,-546418853,10
-394208118,1414808583,10
-1517395418,617581112,10
635961582,1049374349,10
1023963982,2079621360,10
-2087636818,-399830257,10
318675082,49957638,7
318675082,-1847602318,10
318675082,149089320,10
-773561317,-854142561,10
-1032725317,-177740393,10
-1123979517,-1706563657,10
1622054783,211527088,7
1622054783,-1520141539,6
1622054783,-907682483,7
1622054783,315402438,7
1622054783,201587385,5
1622054783,790171668,6
1622054783,-443679567,7
1728881283,-816302385,1
-149825717,-2111730926,9
-149825717,1300743350,10
-149825717,-1432268201,6
-149825717,-606978583,5
-149825717,-1777267972,10
-149825717,1062895119,7
-149825717,-530807525,8
-1049178417,412350518,10
-9808117,-1663065517,10
-9808117,-1330333805,10
-1187898117,1112127371,4
1895996683,-829578031,1
1895996683,1006089994,1
-1748223817,-364697343,7
1555343683,-1672240246,10
1292795183,-41555406,7
1292795183,-1786184357,8
1292795183,1559419445,7
1292795183,700994410,6
1292795183,1247267934,8
545962284,1573696877,3
1865764584,963324149,10
1865764584,-1038393113,10
656493484,-717860196,10
656493484,-1019527061,10
656493484,324081826,10
656493484,715911381,10
656493484,1145004064,10
656493484,1576319555,10
453563484,-1026216549,8
453563484,-153128054,5
453563484,-1627916779,7
681374084,-2116543907,8
-1204935616,-1555815849,7
1010921384,-1065757705,10
1010921384,1500680322,10
-1377856516,-1423427226,8
-1377856516,1949542668,9
-1377856516,-473154089,8
-1377856516,1715413481,8
-1377856516,-2147079912,9
-1377856516,-515367282,8
-1377856516,1833735109,9
-1377856516,-2046194204,8
1848788984,-1156364532,1
-736849016,1877290306,10
-736849016,1581351091,10
-736849016,-492074273,10
-954900416,778348345,5
-954900416,-316580944,4
2078375584,1319027741,6
2078375584,1937978410,6
2078375584,-347572529,6
2078375584,-354751621,6
2078375584,1487941115,6
2078375584,332690274,7
2078375584,-930315940,6
2078375584,-2138421732,6
2078375584,1130815848,6
-1678178616,46307985,10
1220999984,-1812870318,1
1759074184,1536896505,10
1759074184,-1664428762,10
1759074184,-921318955,10
1759074184,399163437,10
1759074184,1321592806,10
1759074184,-1334994935,10
1759074184,1892540851,10
1759074184,415287557,10
1759074184,-901318394,10
1759074184,710706035,10
1759074184,1082598926,1
1759074184,1723363185,10
1759074184,-1669575937,10
1811615284,315402438,10
1856246384,-343071680,10
1856246384,433299993,10
1856246384,460423620,10
1856246384,-1795747228,10
1856246384,1433928662,10
1856246384,-1220613732,10
1856246384,-1829063203,9
1856246384,-1176682219,10
1856246384,1945088802,10
1856246384,452821101,9
1856246384,56457486,5
1856246384,-731000308,10
1856246384,1596801706,10
1856246384,-326391776,10
1856246384,-1940928392,10
1856246384,1308877821,10
1856246384,-1264848740,10
1856246384,644340426,10
1856246384,458892816,10
1856246384,-106541030,10
1856246384,171989036,10
331450184,1218061333,10
1978743085,-1363792432,10
-346819115,-1731258713,1
-346819115,-1240295674,6
-346819115,908462601,10
351888185,355937877,10
-1495589515,-515367282,7
-763486915,-2014283238,6
-763486915,1781993285,6
-89570515,1549720271,3
-89570515,1815665073,5
972968085,-1680198350,8
-2051857515,1891177160,5
-1708657415,-1716684529,7
-1537137715,-467725419,10
-381718615,-414558489,2
-381718615,-441921881,9
-381718615,333240254,7
-381718615,573600471,1
274366285,87157419,10
-1058220114,-1020038687,8
-1058220114,348993310,8
-1420356814,1280185492,7
543781986,2064723252,10
-1460311314,1687257151,1
1040700386,658853846,10
1040700386,-1567788091,10
53508286,-1029888801,8
-310979414,141398747,10
679484986,1380853512,10
-2133124114,1246683518,10
1828880086,-1187225713,10
-522916514,1284534039,4
1251708686,-1072856944,10
-1323664914,-371553231,9
-1767663914,1312286898,9
-494226013,-260466977,10
811314387,-1376480476,8
1977988187,-1097605262,10
-1573729713,-1292274461,10
482927387,705183181,10
482927387,92810292,10
482927387,92405614,10
-863384513,2085164931,10
-1932437613,-646377392,10
-1932437613,-33791774,10
1301304087,-1937768629,8
1301304087,165123399,10
1301304087,-1344809095,10
1742723887,370385821,10
1742723887,1417824042,10
1546543587,1477473177,10
-1390672813,1047465055,10
-802401013,1537576467,4
-1879227912,-180629839,8
-1879227912,1021211068,10
-1879227912,-854142561,8
-725503712,1648136662,4
-725503712,2001550795,9
-725503712,-760690509,10
-2138311612,-390945365,10
-2138311612,474668357,4
-2138311612,-238068550,8
1316601488,-304236718,10
1316601488,-782743561,10
1316601488,-1106973094,10
1316601488,1914572475,10
1316601488,2052426144,10
1316601488,1435627805,9
1316601488,1971805881,10
1316601488,374713547,9
1316601488,1891400169,10
-1795232012,-1101788644,10
973825788,-746232087,7
973825788,841622486,8
973825788,618730747,7
973825788,796153889,8
973825788,1532585735,8
973825788,-2129930545,8
973825788,-894292624,8
-1550141912,-687027783,9
2087829288,-1385556154,10
-584836912,2127920328,10
-584836912,1303035990,10
-584836912,-1492191433,10
-584836912,331582409,10
-584836912,-867827903,10
-584836912,1097614992,10
-584836912,-1323613747,10
-584836912,1040540690,10
-584836912,-971437338,10
-584836912,1611284555,10
-584836912,-717720298,10
-584836912,-1111780819,10
-584836912,-401291896,10
-584836912,-942259893,10
-584836912,-1477522965,10
-584836912,245127001,10
-1373096812,-777446635,10
855722989,-1597524347,7
-1013088711,-836772253,10
-1013088711,-1503699835,6
-1013088711,468194654,10
-205641311,-751666774,10
-205641311,-1991817611,6
1011456589,1757229514,10
1011456589,-1352687615,7
1011456589,-2085858711,4
1011456589,-977893602,2
1011456589,549042848,6
252159889,-379597916,4
1278456689,-1443748895,10
1727897389,-1515029827,1
2083673889,-457527100,10
-857138811,-1830739624,9
-857138811,547283869,10
-857138811,1746724601,7
825450789,-1920102440,7
2050636289,-371553231,10
566250590,1719923435,9
-290649010,1096845307,8
-290649010,-1633638004,6
-290649010,1656010692,6
-290649010,-1012116310,7
857932090,-1790429208,7
857932090,521398734,6
-1397462910,-473154089,7
-1397462910,-927267489,8
739660590,545222936,10
490773890,-270598053,7
490773890,-545810445,8
-1442377110,1628041836,10
-1999813710,-216072949,6
-1999813710,811454339,10
1058240090,1886374453,8
-1130047610,-371553231,9
-1130047610,522165000,8
722322491,-599313491,10
722322491,-1751116472,10
722322491,1069180695,10
722322491,-1949978816,1
722322491,-1389743033,1
722322491,1962768820,10
722322491,742930742,1
722322491,1191368065,10
722322491,-1063673277,1
722322491,643886422,10
722322491,-762530884,1
722322491,-265953335,10
722322491,1201173233,1
722322491,1110800061,10
722322491,-869286382,1
722322491,-2107956930,1
722322491,2034126574,8
722322491,-1388152101,1
722322491,817714891,1
722322491,-1141799061,1
722322491,-1741702006,10
722322491,-1452342418,10
722322491,1348943315,10
722322491,-403959511,9
722322491,24631361,1
805335391,-470187925,10
805335391,1211469780,10
805335391,-2083521408,10
805335391,-1799916467,10
805335391,-998760494,10
805335391,-152967586,10
805335391,1883135239,6
805335391,-1753808728,10
805335391,-1740693788,3
805335391,-1775113938,10
805335391,-1235684888,10
805335391,890245982,10
805335391,-610925510,1
805335391,-1766708755,1
805335391,1796831680,10
805335391,397172593,1
805335391,-2046194204,10
805335391,-1056660804,10
805335391,1394064557,6
805335391,578350972,10
805335391,-525764944,3
805335391,-752846204,3
805335391,1710116232,10
805335391,787626531,10
805335391,-1322698078,10
805335391,428164724,1
805335391,1259404284,1
805335391,-1012258568,10
805335391,-1379925968,10
805335391,-139700556,10
805335391,1492148515,10
805335391,492151017,1
805335391,-2042985566,3
805335391,1337645827,10
805335391,301379430,8
-1563985409,134455151,8
-1563985409,1820678591,7
-1563985409,-324438529,8
-1563985409,-545810445,9
-487284909,-2032527344,10
2088332191,-225214052,10
2088332191,-55004428,10
2088332191,540608431,10
2088332191,-468708570,10
2088332191,1629794220,10
2088332191,1465098691,10
-1250414309,1723363185,7
-1250414309,-1249936543,7
-1083846709,1246263708,3
-1083846709,-2147079912,10
-1083846709,-1210008048,3
1613626991,-383010650,2
1613626991,3515332,4
-300526409,-444896844,10
1201262991,599241911,10
-820779309,195017490,10
-820779309,2024151138,1
-1761169309,726967150,1
-1275422108,-1691047178,6
-1275422108,315402438,6
-1275422108,1153920959,6
-1275422108,2114617078,6
-1275422108,294713099,6
-1275422108,-371553231,5
-1275422108,-1897497813,6
-1275422108,641869445,6
-1275422108,651242131,7
-1275422108,-694074612,6
-1275422108,-1432696478,6
-1275422108,994101469,5
-1275422108,-20655312,6
-1275422108,134455151,9
-1275422108,233191410,5
-1275422108,1021211068,7
80210792,-1479250170,10
80210792,1642575593,10
80210792,-116969169,10
1175388492,-386174269,10
-459676208,-1377102838,8
-459676208,2035032343,10
-459676208,312410823,8
1097485892,-1866230107,1
1403991092,1710116232,2
-1400836908,829117076,10
-1400836908,-422933985,8
-1400836908,-475468569,10
-1400836908,328603696,9
-1400836908,946442282,10
-1400836908,-2044577588,10
-1400836908,744389894,10
-1400836908,-1220144856,10
415980392,-1227686050,10
762652193,557172657,10
-1915440407,-1305641699,10
-1915440407,-1182623506,4
-2122864407,911125400,4
-2122864407,-153128054,4
-2122864407,1285772499,3
-2122864407,1710156343,8
-2122864407,-471725387,3
-1511399107,755852271,10
-1511399107,-1261529952,10
-1511399107,1144585724,10
894757693,1968412571,10
894757693,1790616975,7
170856093,1183200297,10
170856093,-1034480218,10
170856093,1272009864,2
170856093,-1712211008,10
170856093,-609957,10
-1319491607,1790616975,10
-1319491607,-1592299668,10
2086044393,-1524847625,10
1948020293,1166649987,6
-91897907,1820678591,8
239931694,-1600811555,1
139465694,2064723252,10
139465694,1292112075,10
1257225094,-2137391586,10
1257225094,1614264913,10
1257225094,931260321,10
1257225094,230744262,10
1257225094,-2038335738,10
1257225094,-804002967,10
1257225094,269573623,10
1257225094,-1809436525,10
1257225094,-691220272,10
1257225094,1472849841,10
1257225094,-2030500709,10
1257225094,-805982823,10
1257225094,1474377048,10
1257225094,-1782409210,10
1257225094,984420160,10
1257225094,72875664,10
1257225094,-1463820169,10
1257225094,1943099641,10
1257225094,-322188160,10
1257225094,2081149692,10
1257225094,23748369,10
1397815594,252093350,6
1397815594,71096715,4
1397815594,1820678591,5
1397815594,-1537807135,5
-398936006,43764264,10
-979631506,1700816501,10
-1973555606,1886374453,10
1011807094,-361667599,10
807246494,1867767414,10
-1340157406,-552663618,7
-1340157406,-13284851,7
-1340157406,538236861,3
-1340157406,-1645326635,7
-1340157406,1215872109,7
-1340157406,469819711,6
-1340157406,-1248909835,10
-1340157406,1963601528,6
-1340157406,-209603721,5
-1340157406,-924133795,10
-1340157406,801881544,10
-1340157406,-1341683727,6
-1340157406,-599260713,6
1243674294,1054525339,10
644668794,-777109901,10
752538995,-1927654099,9
-1745490805,-1064234837,10
-1745490805,-233745426,10
-1745490805,-1301488064,8
-1745490805,1618892927,7
-1745490805,-1247313400,5
-1745490805,2028644144,8
-1745490805,2035032343,6
-1745490805,82827151,9
-763449905,-1026216549,2
-513753405,1279959496,10
1583640395,623767432,4
-1966409205,-1848280197,7
405150295,-1593753240,10
-1366633905,286987995,7
-1535640605,-1751116472,10
-1081792705,-2015837929,10
1121291295,-1450591229,10
1121291295,2038774297,10
1121291295,1974705172,10
1121291295,-753492626,10
1121291295,1490947037,10
1121291295,-1928958347,10
1121291295,-1716684529,10
1121291295,1889516615,10
1121291295,2046251856,10
-2004955605,-421555940,10
-2004955605,-329714387,4
-2004955605,-816302385,7
-2004955605,1382842601,10
1838762295,2040035578,8
-890992405,-1973296644,10
1946273596,1394064557,10
1946273596,-777109901,10
-1742664504,263729576,10
1600435096,-1190882967,9
1600435096,1993513406,8
-1528530404,122042978,9
1784923396,-1134885504,8
1784923396,-1826058725,10
-1364163904,1396328994,5
-1662265704,1065652842,3
1104140796,884680715,10
-1387834004,-932124967,10
907919596,-421555940,6
907919596,1394064557,7
-1958827504,-352186115,10
1481290796,-2098824407,10
1481290796,-448302678,10
744603297,111995859,9
1466327497,244871645,10
1659146497,-1377102838,9
1563051797,1395538119,10
1563051797,647546623,10
1563051797,-1940928392,10
1563051797,1045233313,10
1563051797,1433928662,10
1563051797,484368213,10
1563051797,-347071489,10
1563051797,-1795747228,10
1563051797,-1783948723,8
1563051797,1308877821,10
1563051797,-326391776,10
1563051797,460423620,10
1563051797,-1078822323,8
1563051797,1481316396,10
1563051797,-1058292650,10
1563051797,1945088802,10
1563051797,1976032319,8
1563051797,-343071680,10
1563051797,-2104019657,8
1563051797,16777673,10
1563051797,1601564675,10
1563051797,-902433908,10
1563051797,1578102501,10
1563051797,1378265948,10
1563051797,880048934,10
1563051797,-106541030,10
1563051797,-408224730,10
1563051797,-1669959723,10
1563051797,-851857160,10
-449191403,134455151,10
-449191403,71521273,8
-449191403,-264387014,9
-449191403,-1388268060,9
-449191403,333240254,8
-449191403,881984527,8
-449191403,1274693289,7
-449191403,1110561891,9
-449191403,3515332,5
-449191403,-2133401750,8
-449191403,-1563947208,9
-11322403,-752846204,7
1054971997,-1194297274,10
693179997,602248372,10
693179997,-1006820149,10
693179997,98458268,10
693179997,-40184748,10
693179997,-1516644864,10
693179997,-1903275773,10
693179997,1125199730,10
693179997,-1550022447,10
693179997,-1292872859,10
693179997,241803666,10
693179997,868692940,10
693179997,1304280732,10
693179997,-471833943,10
693179997,-536388758,10
693179997,-2058705592,10
693179997,1481316396,10
693179997,71080451,10
693179997,636717696,10
693179997,1191839324,10
693179997,-1140063206,10
693179997,1454291878,10
693179997,-505137803,3
693179997,1815900335,10
693179997,703279963,10
693179997,-1928114892,10
693179997,2044892546,10
693179997,-983443836,10
693179997,-1347812935,10
693179997,-2119523628,10
693179997,1055306786,10
693179997,726652139,10
693179997,-902433908,10
693179997,-1992383938,10
693179997,-1876383757,10
693179997,893774719,10
693179997,1725378157,10
693179997,878363097,10
693179997,-1779434543,10
693179997,460999477,10
693179997,-1863307255,10
693179997,1578102501,10
693179997,-1310010743,10
693179997,-1074714266,10
693179997,1747099600,10
693179997,-1333726270,10
693179997,1211022421,10
693179997,-1605444590,10
693179997,-1225109247,10
693179997,1950057694,10
693179997,1401640568,10
693179997,-1947189061,10
693179997,-1381858928,10
693179997,-116238510,10
745595897,-339920825,10
745595897,-1678767689,10
-483848403,2050423480,9
1619383897,-33791774,10
-807614303,-444679081,6
-807614303,-328364809,4
-807614303,-89054114,8
-41276703,2137011460,10
-41276703,-1528712219,10
-317041903,1068418232,10
-317041903,601836623,5
-912958903,-1680198350,9
-912958903,-371553231,10
-1103826802,-703668435,10
-1103826802,20800143,7
-1103826802,771428648,5
-1103826802,-1593753240,6
-9046402,1394064557,10
-9046402,1790616975,10
-9046402,2035032343,7
1335612198,1782551412,10
1335612198,1758223726,10
1335612198,-2070625345,10
1335612198,-87050573,10
1997657298,-714862148,10
-992137302,168642956,10
768029598,1407841629,10
-780797102,-339920825,8
-780797102,742715695,8
-780797102,1110808972,8
-780797102,-326215240,8
-780797102,-2123300520,8
-780797102,1344568715,8
-780797102,1397606453,8
-780797102,-886574553,9
-1798482602,975288349,6
125506298,-921318955,10
125506298,628199442,9
465993598,1790616975,10
-264302602,237656039,9
-264302602,1079383876,10
-264302602,-1492191433,8
-264302602,1637775750,10
1387690898,-93839898,10
1387690898,-1900288326,8
-1550975202,-555923644,10
1101490399,-1363883939,8
-600017701,-800399208,10
-600017701,-1431589424,1
-1748325501,-379597916,10
-1779845901,996740999,9
-1779845901,-819770443,10
-1421910101,186248817,6
-1421910101,469819711,5
-1195091301,138174734,10
466947399,881571966,9
466947399,-1829865852,10
1934328099,279093237,10
-327675201,-125524569,10
-327675201,-607593676,9
-327675201,1220725402,10
-1574409401,877718453,10
